{"type": "FeatureCollection", "name": "co", "features": [{"type": "Feature", "geometry": {"type": "Polygon", "coordinates": [[[-105.155, 36.9953], [-105.1554, 36.9953], [-105.1566, 36.9953], [-105.157, 36.9953], [-105.1578, 36.9953], [-105.1585, 36.9953], [-105.1604, 36.9953], [-105.1609, 36.9953], [-105.1612, 36.9953], [-105.1621, 36.9953], [-105.1646, 36.9953], [-105.1654, 36.9953], [-105.1658, 36.9953], [-105.1667, 36.9953], [-105.1668, 36.9953], [-105.1726, 36.9953], [-105.1764, 36.9953], [-105.1933, 36.9952], [-105.2042, 36.9952], [-105.2089, 36.9952], [-105.2096, 36.9952], [-105.2206, 36.9952], [-105.2205, 36.995], [-105.2211, 36.995], [-105.2223, 36.995], [-105.2505, 36.995], [-105.2508, 36.995], [-105.261, 36.9951], [-105.2773, 36.9951], [-105.2778, 36.9951], [-105.279, 36.9951], [-105.2801, 36.9951], [-105.3079, 36.9951], [-105.3341, 36.9952], [-105.3572, 36.9952], [-105.3665, 36.9952], [-105.3838, 36.9953], [-105.3905, 36.9953], [-105.3929, 36.9953], [-105.4022, 36.9953], [-105.4035, 36.9953], [-105.4121, 36.9953], [-105.4197, 36.9953], [-105.4243, 36.9953], [-105.4385, 36.9954], [-105.4406, 36.9954], [-105.4468, 36.9954], [-105.4471, 36.9954], [-105.4504, 36.9954], [-105.4547, 36.9954], [-105.4638, 36.9954], [-105.4651, 36.9954], [-105.4716, 36.9954], [-105.4765, 36.9954], [-105.4841, 36.9955], [-105.4867, 36.9955], [-105.4882, 36.9955], [-105.4899, 36.9955], [-105.4909, 36.9955], [-105.4944, 36.9955], [-105.4961, 36.9955], [-105.4991, 36.9955], [-105.5077, 36.9955], [-105.5109, 36.9955], [-105.5115, 36.9955], [-105.513, 36.9955], [-105.5142, 36.9955], [-105.5143, 36.9955], [-105.5191, 36.9955], [-105.5223, 36.9955], [-105.5284, 36.9955], [-105.5323, 36.9955], [-105.533, 36.9955], [-105.534, 36.9955], [-105.5366, 36.9955], [-105.5479, 36.9956], [-105.5484, 36.9956], [-105.5504, 36.9956], [-105.5692, 36.9956], [-105.5712, 36.9956], [-105.5732, 36.9956], [-105.5779, 36.9956], [-105.5788, 36.9956], [-105.5796, 36.9956], [-105.5839, 36.9956], [-105.5865, 36.9956], [-105.5884, 36.9956], [-105.5914, 36.9956], [-105.6038, 36.9957], [-105.6095, 36.9957], [-105.6149, 36.9957], [-105.6218, 36.9957], [-105.6233, 36.9957], [-105.6276, 36.9958], [-105.6291, 36.9958], [-105.6367, 36.9958], [-105.6457, 36.9959], [-105.6606, 36.9959], [-105.6612, 36.9959], [-105.663, 36.9959], [-105.6636, 36.9959], [-105.6647, 36.9959], [-105.6661, 36.9959], [-105.6819, 36.9959], [-105.6841, 36.9959], [-105.686, 36.9959], [-105.6922, 36.9959], [-105.6938, 36.9959], [-105.694, 36.9959], [-105.6946, 36.9959], [-105.6948, 36.9959], [-105.6949, 36.9959], [-105.6953, 36.9959], [-105.6954, 36.9959], [-105.6959, 36.9959], [-105.6973, 36.9959], [-105.6977, 36.9959], [-105.6982, 36.9959], [-105.6997, 36.9959], [-105.7058, 36.9959], [-105.7079, 36.9959], [-105.7089, 36.9959], [-105.7121, 36.9959], [-105.7135, 36.9959], [-105.7138, 36.9959], [-105.7158, 36.9959], [-105.7165, 36.9958], [-105.7169, 36.9958], [-105.7179, 36.9958], [-105.7181, 36.9958], [-105.7183, 36.9958], [-105.7184, 36.9958], [-105.7185, 36.9958], [-105.7186, 36.9958], [-105.7187, 36.9958], [-105.7218, 36.9958], [-105.7317, 36.9958], [-105.735, 36.9958], [-105.7399, 36.9957], [-105.7506, 36.9957], [-105.7546, 36.9957], [-105.7595, 36.9957], [-105.7615, 36.9957], [-105.7622, 36.9957], [-105.7656, 36.9957], [-105.7698, 36.9957], [-105.7747, 36.9957], [-105.7747, 36.9957], [-105.7796, 36.9957], [-105.7844, 36.9957], [-105.7852, 36.9957], [-105.801, 36.9956], [-105.8233, 36.9956], [-105.8274, 36.9956], [-105.8437, 36.9956], [-105.8718, 36.9956], [-105.8763, 36.9956], [-105.877, 36.9956], [-105.8777, 36.9956], [-105.8785, 36.9956], [-105.8816, 36.9956], [-105.8836, 36.9956], [-105.8988, 36.9956], [-105.8996, 36.9956], [-105.9036, 36.9956], [-105.9039, 36.9956], [-105.9289, 36.9954], [-105.9459, 36.9954], [-105.9659, 36.9954], [-105.9836, 36.9953], [-105.9887, 36.9953], [-105.9966, 36.9953], [-105.9967, 36.9953], [-105.9972, 36.9953], [-106.0006, 36.9953], [-106.001, 36.9953], [-106.0053, 36.9953], [-106.0063, 36.9953], [-106.0087, 36.9953], [-106.0146, 36.9952], [-106.0147, 36.9952], [-106.0148, 36.9952], [-106.015, 36.9953], [-106.0152, 36.9953], [-106.0176, 36.9952], [-106.0251, 36.9952], [-106.0275, 36.9952], [-106.0276, 36.9952], [-106.0277, 36.9952], [-106.0373, 36.9951], [-106.0376, 36.9951], [-106.0387, 36.9951], [-106.0392, 36.9952], [-106.04, 36.9952], [-106.049, 36.9951], [-106.0499, 36.9951], [-106.0503, 36.9951], [-106.0507, 36.9951], [-106.0529, 36.9951], [-106.053, 36.9951], [-106.0531, 36.9951], [-106.0533, 36.9951], [-106.0539, 36.9951], [-106.0559, 36.9951], [-106.0585, 36.9951], [-106.0667, 36.9951], [-106.0686, 36.9951], [-106.069, 36.9951], [-106.0709, 36.9951], [-106.074, 36.9951], [-106.0779, 36.995], [-106.0783, 36.995], [-106.0817, 36.995], [-106.0853, 36.995], [-106.0919, 36.995], [-106.1, 36.9949], [-106.1107, 36.9949], [-106.1153, 36.9949], [-106.1243, 36.9948], [-106.1256, 36.9949], [-106.1278, 36.9948], [-106.1309, 36.9948], [-106.1325, 36.9948], [-106.1344, 36.9948], [-106.142, 36.9948], [-106.142, 36.9948], [-106.1497, 36.9948], [-106.1535, 36.9948], [-106.1536, 36.9948], [-106.1558, 36.9948], [-106.1559, 36.9948], [-106.1638, 36.9948], [-106.1647, 36.9948], [-106.1793, 36.9947], [-106.1797, 36.9947], [-106.1829, 36.9947], [-106.2012, 36.9945], [-106.219, 36.9944], [-106.2204, 36.9943], [-106.2345, 36.9943], [-106.2361, 36.9942], [-106.2386, 36.9942], [-106.2462, 36.9942], [-106.2487, 36.9942], [-106.249, 36.9943], [-106.2491, 36.9943], [-106.2492, 36.9943], [-106.2495, 36.9942], [-106.2548, 36.9942], [-106.262, 36.9942], [-106.2728, 36.9942], [-106.2835, 36.9941], [-106.2872, 36.9941], [-106.2883, 36.9941], [-106.2917, 36.9941], [-106.2929, 36.9941], [-106.2933, 36.9941], [-106.298, 36.9941], [-106.3038, 36.9941], [-106.3042, 36.9941], [-106.3043, 36.9941], [-106.3086, 36.9941], [-106.309, 36.9941], [-106.3119, 36.9941], [-106.3223, 36.9941], [-106.327, 36.994], [-106.3273, 36.994], [-106.3275, 36.994], [-106.3279, 36.994], [-106.335, 36.994], [-106.3397, 36.994], [-106.3426, 36.994], [-106.3437, 36.994], [-106.3452, 36.994], [-106.3477, 36.9939], [-106.3556, 36.9939], [-106.3656, 36.9939], [-106.3721, 36.9939], [-106.3724, 36.9939], [-106.3837, 36.9938], [-106.3907, 36.9938], [-106.4018, 36.9938], [-106.4067, 36.9938], [-106.4071, 36.9938], [-106.4121, 36.9937], [-106.4123, 36.9937], [-106.4199, 36.9937], [-106.4257, 36.9937], [-106.438, 36.9937], [-106.442, 36.9937], [-106.4465, 36.9936], [-106.4556, 36.9936], [-106.4655, 36.9936], [-106.4736, 36.9936], [-106.4754, 36.9935], [-106.4755, 36.9935], [-106.4761, 36.9935], [-106.4844, 36.9935], [-106.4907, 36.9935], [-106.4918, 36.9935], [-106.4926, 36.9935], [-106.4939, 36.9935], [-106.4973, 36.9935], [-106.4988, 36.9935], [-106.4988, 36.9935], [-106.5, 36.9935], [-106.5093, 36.9934], [-106.5099, 36.9934], [-106.5141, 36.9934], [-106.5245, 36.9934], [-106.5349, 36.9934], [-106.5376, 36.9934], [-106.5394, 36.9934], [-106.5406, 36.9934], [-106.5449, 36.9933], [-106.5452, 36.9933], [-106.5453, 36.9933], [-106.5458, 36.9933], [-106.5474, 36.9934], [-106.548, 36.9934], [-106.549, 36.9933], [-106.5521, 36.9933], [-106.5532, 36.9933], [-106.5595, 36.9933], [-106.5624, 36.9933], [-106.5629, 36.9933], [-106.5631, 36.9933], [-106.5698, 36.9933], [-106.5717, 36.9933], [-106.5809, 36.9932], [-106.5857, 36.9932], [-106.599, 36.9932], [-106.6081, 36.9931], [-106.616, 36.9931], [-106.6171, 36.9931], [-106.6173, 36.9931], [-106.6294, 36.9931], [-106.6294, 36.9931], [-106.6301, 36.9931], [-106.6352, 36.9931], [-106.6426, 36.993], [-106.644, 36.993], [-106.6519, 36.993], [-106.6533, 36.993], [-106.6616, 36.993], [-106.6618, 36.993], [-106.6629, 36.993], [-106.6697, 36.993], [-106.6709, 36.9929], [-106.6733, 36.9929], [-106.6746, 36.9929], [-106.6747, 36.9929], [-106.6748, 36.9929], [-106.6752, 36.9929], [-106.6822, 36.9929], [-106.6882, 36.9929], [-106.6889, 36.9929], [-106.7077, 36.9928], [-106.7087, 36.9928], [-106.712, 36.9928], [-106.7176, 36.9928], [-106.7179, 36.9927], [-106.7179, 36.9927], [-106.718, 36.9927], [-106.718, 36.9927], [-106.718, 36.9927], [-106.7181, 36.9927], [-106.7181, 36.9927], [-106.7228, 36.9927], [-106.7229, 36.9927], [-106.7237, 36.9927], [-106.7262, 36.9927], [-106.7267, 36.9927], [-106.7281, 36.9927], [-106.7285, 36.9927], [-106.7286, 36.9927], [-106.7287, 36.9927], [-106.7288, 36.9927], [-106.7294, 36.9926], [-106.7314, 36.9926], [-106.732, 36.9926], [-106.7332, 36.9926], [-106.7365, 36.9926], [-106.7377, 36.9926], [-106.7395, 36.9926], [-106.7451, 36.9925], [-106.747, 36.9925], [-106.7476, 36.9925], [-106.7494, 36.9925], [-106.75, 36.9925], [-106.7506, 36.9925], [-106.7518, 36.9925], [-106.757, 36.9925], [-106.7587, 36.9925], [-106.7604, 36.9925], [-106.7655, 36.9925], [-106.7672, 36.9925], [-106.7721, 36.9925], [-106.7749, 36.9925], [-106.7753, 36.9925], [-106.776, 36.9925], [-106.7762, 36.9925], [-106.777, 36.9925], [-106.7772, 36.9925], [-106.7776, 36.9925], [-106.7819, 36.9925], [-106.7875, 36.9925], [-106.7877, 36.9925], [-106.7886, 36.9925], [-106.79, 36.9925], [-106.794, 36.9925], [-106.7954, 36.9925], [-106.7955, 36.9925], [-106.7956, 36.9925], [-106.7957, 36.9925], [-106.7959, 36.9925], [-106.7967, 36.9925], [-106.7969, 36.9925], [-106.7976, 36.9925], [-106.7979, 36.9925], [-106.8009, 36.9925], [-106.8019, 36.9925], [-106.8048, 36.9925], [-106.8082, 36.9925], [-106.8135, 36.9925], [-106.8261, 36.9925], [-106.827, 36.9925], [-106.8285, 36.9925], [-106.832, 36.9924], [-106.8328, 36.9925], [-106.8342, 36.9925], [-106.8414, 36.9925], [-106.8421, 36.9925], [-106.8439, 36.9925], [-106.8496, 36.9925], [-106.8535, 36.9925], [-106.8603, 36.9925], [-106.8645, 36.9925], [-106.8698, 36.9925], [-106.8704, 36.9931], [-106.8742, 36.997], [-106.8772, 37.0001], [-106.8783, 37.0001], [-106.8787, 37.0001], [-106.8958, 37.0001], [-106.9063, 37.0001], [-106.9064, 37.0001], [-106.9066, 37.0001], [-106.9094, 37.0001], [-106.914, 37.0001], [-106.9142, 37.0001], [-106.9143, 37.0001], [-106.9144, 37.0001], [-106.9147, 37.0001], [-106.9186, 37.0001], [-106.9189, 37.0001], [-106.9233, 37.0001], [-106.9322, 37.0001], [-106.9378, 37.0001], [-106.9397, 37.0001], [-106.9399, 37.0001], [-106.9505, 37.0001], [-106.956, 37.0001], [-106.9636, 37.0001], [-106.9686, 37.0001], [-106.9703, 37.0001], [-106.9734, 37.0001], [-106.9749, 37.0001], [-106.975, 37.0001], [-106.9796, 37.0001], [-106.9827, 37.0001], [-106.9855, 37.0001], [-106.9978, 37.0001], [-107.0035, 37.0001], [-107.0069, 37.0001], [-107.0144, 37.0001], [-107.0215, 37.0001], [-107.0274, 37.0001], [-107.0274, 37.0001], [-107.0278, 37.0001], [-107.0281, 37.0001], [-107.0396, 37.0], [-107.0469, 37.0], [-107.0576, 37.0], [-107.0592, 37.0], [-107.0598, 37.0], [-107.0757, 37.0], [-107.0934, 37.0], [-107.1072, 37.0], [-107.1075, 37.0], [-107.1075, 37.0], [-107.1078, 37.0], [-107.1078, 37.0], [-107.1084, 37.0], [-107.1086, 37.0], [-107.1088, 37.0], [-107.1091, 37.0], [-107.111, 37.0], [-107.1302, 37.0], [-107.134, 37.0], [-107.1366, 37.0], [-107.1369, 37.0], [-107.1415, 37.0], [-107.1461, 37.0], [-107.1474, 37.0], [-107.1509, 37.0], [-107.1568, 37.0], [-107.1577, 37.0], [-107.1632, 37.0], [-107.1654, 37.0], [-107.166, 37.0], [-107.183, 37.0], [-107.186, 37.0], [-107.1863, 37.0], [-107.1969, 37.0], [-107.1969, 37.0], [-107.1972, 37.0], [-107.2128, 37.0], [-107.237, 37.0], [-107.2384, 37.0], [-107.2397, 37.0], [-107.2421, 37.0], [-107.2421, 37.0], [-107.2425, 37.0], [-107.2476, 37.0], [-107.2509, 37.0], [-107.2512, 37.0], [-107.2517, 37.0], [-107.2546, 37.0], [-107.255, 37.0], [-107.2553, 37.0], [-107.264, 37.0], [-107.2642, 37.0], [-107.2645, 37.0], [-107.2691, 37.0], [-107.2872, 37.0], [-107.31, 37.0], [-107.3226, 37.0], [-107.3338, 37.0001], [-107.3407, 37.0001], [-107.3468, 37.0001], [-107.3508, 37.0001], [-107.3588, 37.0001], [-107.3768, 37.0002], [-107.3949, 37.0002], [-107.3984, 37.0002], [-107.4, 37.0002], [-107.4003, 37.0002], [-107.4108, 37.0002], [-107.4207, 37.0002], [-107.4208, 37.0002], [-107.4212, 37.0002], [-107.4216, 37.0002], [-107.4218, 37.0002], [-107.422, 37.0002], [-107.4221, 37.0002], [-107.4221, 37.0002], [-107.4222, 37.0002], [-107.4225, 37.0002], [-107.4232, 37.0002], [-107.4232, 37.0002], [-107.4234, 37.0002], [-107.4243, 37.0002], [-107.4248, 37.0002], [-107.4253, 37.0002], [-107.4264, 37.0002], [-107.4272, 37.0002], [-107.4277, 37.0002], [-107.4282, 37.0002], [-107.4295, 37.0002], [-107.4309, 37.0002], [-107.4321, 37.0002], [-107.4336, 37.0002], [-107.4357, 37.0002], [-107.4361, 37.0002], [-107.438, 37.0002], [-107.4405, 37.0002], [-107.4415, 37.0002], [-107.4423, 37.0002], [-107.4423, 37.0002], [-107.4424, 37.0002], [-107.4432, 37.0002], [-107.4459, 37.0002], [-107.4471, 37.0002], [-107.4473, 37.0002], [-107.4513, 37.0002], [-107.4521, 37.0002], [-107.4528, 37.0002], [-107.4536, 37.0002], [-107.4561, 37.0002], [-107.4583, 37.0002], [-107.4613, 37.0002], [-107.4687, 37.0002], [-107.469, 37.0002], [-107.4697, 37.0001], [-107.4701, 37.0001], [-107.4703, 37.0001], [-107.4718, 37.0001], [-107.4725, 37.0001], [-107.4759, 37.0001], [-107.4786, 37.0001], [-107.4805, 37.0001], [-107.4817, 37.0001], [-107.486, 37.0001], [-107.495, 37.0001], [-107.4959, 37.0001], [-107.4966, 37.0001], [-107.4983, 37.0001], [-107.4989, 37.0001], [-107.5, 37.0001], [-107.5011, 37.0001], [-107.5074, 37.0001], [-107.5075, 37.0001], [-107.5084, 37.0001], [-107.5096, 37.0001], [-107.5104, 37.0001], [-107.5125, 37.0001], [-107.52, 37.0001], [-107.5237, 37.0], [-107.5342, 37.0], [-107.5345, 37.0], [-107.5347, 37.0], [-107.5363, 37.0], [-107.5411, 37.0], [-107.5414, 37.0], [-107.5535, 37.0], [-107.5592, 37.0], [-107.5615, 37.0], [-107.5673, 37.0], [-107.568, 37.0], [-107.5743, 37.0], [-107.5815, 37.0], [-107.5848, 37.0], [-107.585, 37.0], [-107.585, 37.0], [-107.5888, 37.0], [-107.5922, 37.0], [-107.5943, 37.0], [-107.595, 37.0], [-107.5959, 37.0], [-107.5966, 37.0], [-107.5972, 37.0], [-107.6002, 37.0], [-107.6005, 37.0], [-107.6007, 37.0], [-107.6009, 37.0], [-107.6011, 37.0], [-107.6011, 37.0], [-107.6013, 37.0], [-107.6018, 37.0], [-107.6022, 37.0], [-107.6034, 37.0], [-107.6046, 37.0], [-107.6052, 37.0], [-107.6075, 37.0], [-107.6138, 37.0], [-107.6355, 36.9999], [-107.6489, 36.9999], [-107.6617, 36.9999], [-107.6709, 36.9999], [-107.6914, 37.0], [-107.6947, 37.0], [-107.7119, 37.0], [-107.7123, 37.0], [-107.7124, 37.0], [-107.7126, 37.0], [-107.7128, 37.0], [-107.7187, 37.0], [-107.7254, 37.0], [-107.7288, 37.0], [-107.7291, 37.0], [-107.7292, 37.0], [-107.7292, 37.0], [-107.7295, 37.0], [-107.7569, 37.0], [-107.7669, 37.0001], [-107.7798, 37.0001], [-107.7801, 37.0001], [-107.7806, 37.0001], [-107.7886, 37.0], [-107.7938, 37.0], [-107.7951, 37.0], [-107.7994, 37.0], [-107.8004, 37.0], [-107.8447, 36.9998], [-107.8517, 36.9998], [-107.858, 36.9998], [-107.8654, 36.9997], [-107.8657, 36.9997], [-107.8661, 36.9997], [-107.8665, 36.9997], [-107.8665, 36.9997], [-107.8665, 36.9997], [-107.8667, 36.9997], [-107.8669, 36.9997], [-107.8672, 36.9997], [-107.8677, 36.9997], [-107.8685, 36.9997], [-107.8691, 36.9997], [-107.8696, 36.9997], [-107.8697, 36.9997], [-107.8698, 36.9997], [-107.874, 36.9997], [-107.8781, 36.9997], [-107.8851, 36.9997], [-107.8902, 36.9997], [-107.8939, 36.9997], [-107.8943, 36.9997], [-107.9163, 36.9997], [-107.9173, 36.9997], [-107.918, 36.9997], [-107.9185, 36.9997], [-107.9371, 36.9997], [-107.9421, 36.9997], [-107.9437, 36.9997], [-107.9593, 36.9998], [-107.9658, 36.9998], [-107.9674, 36.9998], [-107.969, 36.9998], [-107.9839, 36.9999], [-107.9856, 36.9999], [-107.9919, 36.9998], [-107.9921, 36.9998], [-107.9924, 36.9998], [-107.9956, 36.9998], [-107.9973, 36.9998], [-107.9994, 36.9998], [-108.0006, 36.9998], [-108.0111, 36.9998], [-108.0141, 36.9998], [-108.0277, 36.9998], [-108.032, 36.9998], [-108.0323, 36.9998], [-108.033, 36.9998], [-108.0331, 36.9998], [-108.0332, 36.9997], [-108.0335, 36.9997], [-108.0343, 36.9997], [-108.0368, 36.9997], [-108.0376, 36.9997], [-108.0378, 36.9997], [-108.0424, 36.9997], [-108.0432, 36.9997], [-108.0474, 36.9997], [-108.0609, 36.9997], [-108.0629, 36.9997], [-108.0663, 36.9997], [-108.0708, 36.9997], [-108.0819, 36.9997], [-108.0883, 36.9997], [-108.0907, 36.9997], [-108.0909, 36.9997], [-108.0911, 36.9997], [-108.1096, 36.9997], [-108.1098, 36.9997], [-108.1131, 36.9997], [-108.1162, 36.9997], [-108.1245, 36.9997], [-108.1252, 36.9997], [-108.126, 36.9997], [-108.1265, 36.9997], [-108.1287, 36.9997], [-108.1296, 36.9997], [-108.1324, 36.9997], [-108.1394, 36.9997], [-108.1422, 36.9997], [-108.1427, 36.9997], [-108.1431, 36.9997], [-108.1438, 36.9997], [-108.1456, 36.9997], [-108.1692, 36.9997], [-108.1844, 36.9997], [-108.1867, 36.9997], [-108.1877, 36.9997], [-108.1887, 36.9997], [-108.1964, 36.9997], [-108.2032, 36.9997], [-108.2113, 36.9997], [-108.2127, 36.9997], [-108.2143, 36.9997], [-108.2146, 36.9997], [-108.2149, 36.9997], [-108.2325, 36.9997], [-108.242, 36.9997], [-108.2496, 36.9997], [-108.2525, 36.9997], [-108.2675, 36.9997], [-108.2687, 36.9997], [-108.2726, 36.9997], [-108.2764, 36.9997], [-108.2874, 36.9997], [-108.288, 36.9997], [-108.2883, 36.9997], [-108.2976, 36.9997], [-108.3153, 36.9997], [-108.3174, 36.9997], [-108.3178, 36.9997], [-108.3209, 36.9997], [-108.3232, 36.9997], [-108.3236, 36.9997], [-108.3326, 36.9997], [-108.3524, 36.9997], [-108.3533, 36.9996], [-108.3544, 36.9997], [-108.3552, 36.9996], [-108.3558, 36.9996], [-108.3564, 36.9996], [-108.3571, 36.9996], [-108.3576, 36.9996], [-108.3612, 36.9996], [-108.3752, 36.9996], [-108.3779, 36.9996], [-108.3793, 36.9996], [-108.3813, 36.9996], [-108.3825, 36.9996], [-108.3881, 36.9996], [-108.39, 36.9996], [-108.3942, 36.9996], [-108.3961, 36.9996], [-108.3982, 36.9996], [-108.4031, 36.9996], [-108.4218, 36.9995], [-108.4308, 36.9995], [-108.4386, 36.9995], [-108.4424, 36.9995], [-108.4466, 36.9995], [-108.4473, 36.9995], [-108.4479, 36.9995], [-108.4483, 36.9995], [-108.4501, 36.9995], [-108.4515, 36.9995], [-108.4516, 36.9995], [-108.4517, 36.9995], [-108.4569, 36.9995], [-108.466, 36.9995], [-108.4833, 36.9994], [-108.4838, 36.9994], [-108.484, 36.9994], [-108.4843, 36.9994], [-108.4848, 36.9994], [-108.4963, 36.9994], [-108.5001, 36.9994], [-108.5005, 36.9994], [-108.5009, 36.9994], [-108.5217, 36.9994], [-108.5219, 36.9994], [-108.5298, 36.9994], [-108.531, 36.9994], [-108.5353, 36.9994], [-108.5354, 36.9994], [-108.5355, 36.9994], [-108.5364, 36.9993], [-108.5393, 36.9993], [-108.5503, 36.9993], [-108.555, 36.9993], [-108.5571, 36.9993], [-108.5587, 36.9993], [-108.5611, 36.9993], [-108.5691, 36.9992], [-108.5738, 36.9993], [-108.5763, 36.9993], [-108.583, 36.9993], [-108.5859, 36.9993], [-108.5977, 36.9992], [-108.6076, 36.9992], [-108.6143, 36.9992], [-108.6191, 36.9992], [-108.6194, 36.9992], [-108.6197, 36.9992], [-108.62, 36.9992], [-108.6202, 36.9992], [-108.6214, 36.9992], [-108.6238, 36.9992], [-108.6248, 36.9992], [-108.6257, 36.9992], [-108.6289, 36.9992], [-108.6326, 36.9991], [-108.633, 36.9991], [-108.6342, 36.9991], [-108.6349, 36.9992], [-108.64, 36.9991], [-108.6417, 36.9991], [-108.643, 36.9991], [-108.646, 36.9991], [-108.6479, 36.9991], [-108.652, 36.9991], [-108.6559, 36.9991], [-108.6569, 36.9991], [-108.6589, 36.9991], [-108.659, 36.9991], [-108.6592, 36.9991], [-108.6819, 36.999], [-108.6894, 36.999], [-108.6894, 36.999], [-108.6899, 36.999], [-108.7205, 36.9989], [-108.7242, 36.9989], [-108.7327, 36.9989], [-108.734, 36.9989], [-108.7371, 36.9989], [-108.7378, 36.9989], [-108.739, 36.9988], [-108.741, 36.9988], [-108.7488, 36.9988], [-108.749, 36.9988], [-108.7491, 36.9988], [-108.7494, 36.9988], [-108.7496, 36.9988], [-108.75, 36.9988], [-108.7514, 36.9988], [-108.7567, 36.9988], [-108.7588, 36.9988], [-108.7593, 36.9988], [-108.7597, 36.9988], [-108.7623, 36.9988], [-108.7698, 36.9988], [-108.7712, 36.9988], [-108.7735, 36.9988], [-108.774, 36.9988], [-108.7746, 36.9988], [-108.7755, 36.9988], [-108.7762, 36.9988], [-108.7793, 36.9988], [-108.7914, 36.9988], [-108.7916, 36.9988], [-108.7921, 36.9988], [-108.7925, 36.9988], [-108.793, 36.9988], [-108.7944, 36.9988], [-108.796, 36.9988], [-108.7972, 36.9988], [-108.7984, 36.9988], [-108.7999, 36.9988], [-108.8017, 36.9988], [-108.807, 36.9989], [-108.8073, 36.9989], [-108.8077, 36.9989], [-108.8111, 36.9988], [-108.8159, 36.9989], [-108.8204, 36.9989], [-108.8358, 36.9989], [-108.8392, 36.9989], [-108.8401, 36.9989], [-108.8409, 36.9989], [-108.8423, 36.9989], [-108.8435, 36.9989], [-108.854, 36.9989], [-108.8583, 36.9989], [-108.8584, 36.9989], [-108.8599, 36.9989], [-108.8626, 36.9989], [-108.8639, 36.9989], [-108.8653, 36.9989], [-108.866, 36.9989], [-108.8689, 36.9989], [-108.8705, 36.9989], [-108.872, 36.9989], [-108.8753, 36.9988], [-108.8757, 36.9988], [-108.8769, 36.9988], [-108.8782, 36.9988], [-108.8798, 36.9988], [-108.8819, 36.9988], [-108.8831, 36.9988], [-108.8855, 36.9988], [-108.8855, 36.9988], [-108.8926, 36.9988], [-108.895, 36.9989], [-108.8978, 36.9989], [-108.8992, 36.9989], [-108.9004, 36.9989], [-108.9166, 36.9989], [-108.9172, 36.9989], [-108.922, 36.9989], [-108.9228, 36.9989], [-108.9254, 36.9989], [-108.9262, 36.9989], [-108.9262, 36.9989], [-108.9263, 36.9989], [-108.9264, 36.9989], [-108.9264, 36.9989], [-108.929, 36.9989], [-108.9294, 36.9989], [-108.9368, 36.9989], [-108.9394, 36.9989], [-108.9409, 36.9989], [-108.9455, 36.9989], [-108.947, 36.9989], [-108.9473, 36.9989], [-108.9481, 36.9989], [-108.9484, 36.9989], [-108.949, 36.9989], [-108.9501, 36.9989], [-108.9509, 36.9989], [-108.9516, 36.9989], [-108.9521, 36.9989], [-108.9538, 36.9989], [-108.9544, 36.9989], [-108.9545, 36.9989], [-108.9553, 36.9989], [-108.9579, 36.9989], [-108.9586, 36.9989], [-108.9587, 36.9989], [-108.9588, 36.9989], [-108.9588, 36.9989], [-108.9589, 36.9989], [-108.9593, 36.9989], [-108.9606, 36.9989], [-108.9611, 36.9989], [-108.9662, 36.9989], [-108.9801, 36.9989], [-108.9816, 36.9989], [-108.9867, 36.9989], [-108.9895, 36.9989], [-108.9931, 36.9989], [-108.9979, 36.9989], [-108.9981, 36.9989], [-109.0007, 36.9989], [-109.0013, 36.9989], [-109.0024, 36.9989], [-109.0031, 36.9989], [-109.0037, 36.9989], [-109.0038, 36.9989], [-109.0039, 36.9989], [-109.004, 36.9989], [-109.0043, 36.9989], [-109.0047, 36.9989], [-109.0049, 36.9989], [-109.005, 36.9989], [-109.0051, 36.9989], [-109.0053, 36.9989], [-109.0054, 36.9989], [-109.0054, 36.9989], [-109.0054, 36.9989], [-109.0057, 36.9989], [-109.0057, 36.9989], [-109.0061, 36.9989], [-109.0072, 36.999], [-109.0076, 36.999], [-109.0081, 36.999], [-109.0106, 36.999], [-109.0283, 36.999], [-109.0297, 36.999], [-109.0309, 36.999], [-109.0336, 36.999], [-109.0338, 36.999], [-109.0341, 36.999], [-109.0343, 36.999], [-109.0438, 36.999], [-109.045, 36.999], [-109.0452, 36.999], [-109.0452, 36.9991], [-109.0452, 36.9991], [-109.0452, 37.0034], [-109.0452, 37.0075], [-109.0452, 37.0105], [-109.0452, 37.0121], [-109.0452, 37.0151], [-109.0452, 37.018], [-109.0452, 37.0182], [-109.0452, 37.0194], [-109.0452, 37.022], [-109.0452, 37.0227], [-109.0452, 37.023], [-109.0452, 37.0232], [-109.0452, 37.0235], [-109.0452, 37.0241], [-109.0452, 37.0335], [-109.0452, 37.0413], [-109.0452, 37.0421], [-109.0452, 37.0429], [-109.0452, 37.0453], [-109.0452, 37.0461], [-109.0452, 37.0514], [-109.0452, 37.0521], [-109.0452, 37.0538], [-109.0452, 37.0654], [-109.0452, 37.0674], [-109.0452, 37.0727], [-109.0451, 37.0731], [-109.0451, 37.0743], [-109.0451, 37.0747], [-109.045, 37.0767], [-109.045, 37.0822], [-109.045, 37.083], [-109.045, 37.0851], [-109.045, 37.0854], [-109.045, 37.0862], [-109.045, 37.0864], [-109.045, 37.0865], [-109.0451, 37.0883], [-109.0451, 37.09], [-109.0451, 37.0926], [-109.0451, 37.093], [-109.0451, 37.0939], [-109.0451, 37.0954], [-109.0451, 37.0963], [-109.0451, 37.0969], [-109.0451, 37.1187], [-109.0451, 37.1204], [-109.0452, 37.1321], [-109.0453, 37.1396], [-109.0454, 37.15], [-109.0454, 37.1546], [-109.0455, 37.1551], [-109.0455, 37.1569], [-109.0458, 37.1794], [-109.0458, 37.1846], [-109.0459, 37.1873], [-109.0459, 37.1969], [-109.0459, 37.1996], [-109.0459, 37.2006], [-109.0458, 37.2027], [-109.0457, 37.2045], [-109.0456, 37.2084], [-109.0455, 37.2108], [-109.0454, 37.2122], [-109.0453, 37.2136], [-109.0453, 37.2139], [-109.0454, 37.2175], [-109.0454, 37.2197], [-109.0454, 37.2249], [-109.0455, 37.2363], [-109.0455, 37.2369], [-109.0455, 37.2399], [-109.0455, 37.2493], [-109.0456, 37.2682], [-109.0457, 37.2828], [-109.0457, 37.2837], [-109.0457, 37.2846], [-109.0458, 37.2912], [-109.0458, 37.2934], [-109.0458, 37.302], [-109.0458, 37.3114], [-109.0458, 37.313], [-109.0458, 37.3174], [-109.0458, 37.3202], [-109.0458, 37.3208], [-109.0458, 37.3268], [-109.0458, 37.3269], [-109.0458, 37.3293], [-109.0458, 37.3311], [-109.0456, 37.3597], [-109.0456, 37.36], [-109.0453, 37.3949], [-109.0453, 37.3962], [-109.0453, 37.3974], [-109.0452, 37.3999], [-109.0452, 37.401], [-109.0452, 37.4021], [-109.0452, 37.4062], [-109.0451, 37.409], [-109.045, 37.4164], [-109.045, 37.4169], [-109.045, 37.4176], [-109.0449, 37.4224], [-109.0448, 37.4248], [-109.0447, 37.427], [-109.0446, 37.4318], [-109.0446, 37.4341], [-109.0445, 37.4381], [-109.0443, 37.4461], [-109.0442, 37.449], [-109.044, 37.4583], [-109.0438, 37.469], [-109.0437, 37.4701], [-109.0437, 37.4718], [-109.0437, 37.4725], [-109.0437, 37.4728], [-109.0435, 37.4782], [-109.0435, 37.4807], [-109.0435, 37.4812], [-109.0434, 37.4827], [-109.0434, 37.4842], [-109.0434, 37.4848], [-109.0432, 37.4898], [-109.0432, 37.4904], [-109.0431, 37.4934], [-109.0431, 37.4943], [-109.043, 37.497], [-109.043, 37.4979], [-109.0429, 37.5006], [-109.0429, 37.5015], [-109.0427, 37.5114], [-109.0426, 37.514], [-109.0422, 37.5301], [-109.042, 37.5413], [-109.0418, 37.5465], [-109.0418, 37.5469], [-109.0418, 37.548], [-109.0418, 37.5486], [-109.0417, 37.5511], [-109.0417, 37.5522], [-109.0416, 37.5587], [-109.0416, 37.5594], [-109.0416, 37.5618], [-109.0416, 37.5621], [-109.0416, 37.5631], [-109.0417, 37.5653], [-109.0417, 37.5686], [-109.0418, 37.5703], [-109.0419, 37.575], [-109.0419, 37.5763], [-109.042, 37.587], [-109.0419, 37.6045], [-109.0419, 37.6096], [-109.0419, 37.6168], [-109.0419, 37.6168], [-109.0419, 37.6173], [-109.0419, 37.6176], [-109.0419, 37.6194], [-109.0419, 37.6198], [-109.0419, 37.6208], [-109.0419, 37.6214], [-109.0419, 37.6235], [-109.0419, 37.6245], [-109.0419, 37.6266], [-109.0419, 37.6274], [-109.0419, 37.6286], [-109.0419, 37.6292], [-109.0419, 37.6324], [-109.0419, 37.6331], [-109.0419, 37.6356], [-109.0419, 37.6497], [-109.0419, 37.6498], [-109.0419, 37.6499], [-109.0419, 37.6512], [-109.0419, 37.6541], [-109.0419, 37.6627], [-109.0419, 37.6629], [-109.0419, 37.6658], [-109.0419, 37.6669], [-109.0419, 37.6679], [-109.0419, 37.6694], [-109.0419, 37.6702], [-109.0419, 37.6796], [-109.0418, 37.6878], [-109.0419, 37.7112], [-109.0419, 37.7132], [-109.042, 37.7163], [-109.042, 37.7257], [-109.042, 37.7403], [-109.042, 37.7486], [-109.042, 37.7545], [-109.042, 37.7557], [-109.042, 37.7707], [-109.042, 37.775], [-109.0419, 37.7876], [-109.042, 37.8043], [-109.042, 37.8086], [-109.042, 37.8158], [-109.042, 37.8165], [-109.0419, 37.8265], [-109.042, 37.8276], [-109.042, 37.828], [-109.042, 37.8295], [-109.042, 37.8339], [-109.042, 37.8342], [-109.042, 37.8353], [-109.042, 37.8353], [-109.042, 37.8355], [-109.042, 37.8358], [-109.042, 37.8372], [-109.042, 37.8396], [-109.042, 37.84], [-109.042, 37.8417], [-109.042, 37.8421], [-109.042, 37.8427], [-109.042, 37.8427], [-109.042, 37.8587], [-109.042, 37.8619], [-109.042, 37.863], [-109.042, 37.8653], [-109.042, 37.8729], [-109.042, 37.8811], [-109.042, 37.9077], [-109.042, 37.9234], [-109.0421, 37.9392], [-109.042, 37.9438], [-109.0425, 37.9549], [-109.0427, 37.9626], [-109.0427, 37.9628], [-109.0428, 37.966], [-109.0429, 37.9749], [-109.0429, 37.9749], [-109.0429, 37.9753], [-109.0429, 37.9782], [-109.0429, 37.9799], [-109.0429, 37.9816], [-109.0429, 37.9829], [-109.0429, 37.9969], [-109.0429, 37.9971], [-109.0429, 38.0021], [-109.0429, 38.0036], [-109.0429, 38.011], [-109.0429, 38.0111], [-109.0428, 38.0152], [-109.0429, 38.0156], [-109.0429, 38.0159], [-109.0429, 38.016], [-109.0429, 38.0177], [-109.0429, 38.0259], [-109.0429, 38.0277], [-109.0429, 38.0289], [-109.0429, 38.0295], [-109.0429, 38.0326], [-109.0429, 38.0331], [-109.0429, 38.0362], [-109.0429, 38.0364], [-109.0428, 38.0368], [-109.0427, 38.0398], [-109.0427, 38.0404], [-109.0426, 38.0424], [-109.0424, 38.0477], [-109.0422, 38.0508], [-109.0422, 38.0509], [-109.0422, 38.0511], [-109.0422, 38.0513], [-109.0422, 38.0544], [-109.0422, 38.0549], [-109.0422, 38.0569], [-109.0422, 38.058], [-109.0422, 38.0587], [-109.0421, 38.0661], [-109.0421, 38.0689], [-109.0421, 38.0694], [-109.0421, 38.071], [-109.042, 38.0725], [-109.042, 38.073], [-109.042, 38.0761], [-109.042, 38.0796], [-109.042, 38.0802], [-109.0421, 38.0834], [-109.0422, 38.0838], [-109.0422, 38.0852], [-109.0423, 38.0882], [-109.0425, 38.0921], [-109.0425, 38.0927], [-109.0425, 38.0929], [-109.0426, 38.0938], [-109.0426, 38.1027], [-109.0426, 38.1067], [-109.0426, 38.1095], [-109.0426, 38.1266], [-109.0426, 38.1322], [-109.0426, 38.1345], [-109.0426, 38.1359], [-109.0426, 38.1367], [-109.0426, 38.153], [-109.0426, 38.1532], [-109.0426, 38.1547], [-109.0426, 38.1562], [-109.0426, 38.157], [-109.0426, 38.1572], [-109.0427, 38.1615], [-109.0428, 38.1663], [-109.0461, 38.187], [-109.0466, 38.1896], [-109.0479, 38.1984], [-109.048, 38.1985], [-109.048, 38.1988], [-109.0499, 38.2109], [-109.0504, 38.2141], [-109.0506, 38.215], [-109.0516, 38.2214], [-109.0522, 38.2252], [-109.0527, 38.2286], [-109.0536, 38.2341], [-109.0547, 38.2411], [-109.0554, 38.2454], [-109.0562, 38.2509], [-109.0566, 38.2533], [-109.0593, 38.2702], [-109.0599, 38.2736], [-109.0602, 38.2755], [-109.0602, 38.2782], [-109.0602, 38.2902], [-109.0602, 38.2919], [-109.0602, 38.2927], [-109.0602, 38.2965], [-109.0602, 38.2991], [-109.0602, 38.3072], [-109.0601, 38.3143], [-109.0602, 38.3187], [-109.0602, 38.3244], [-109.0602, 38.3273], [-109.0602, 38.3276], [-109.0602, 38.332], [-109.0602, 38.3347], [-109.0602, 38.3371], [-109.0602, 38.3409], [-109.0602, 38.3449], [-109.0602, 38.3461], [-109.0602, 38.3462], [-109.0602, 38.3498], [-109.0602, 38.3527], [-109.0602, 38.3528], [-109.0602, 38.3528], [-109.0602, 38.3548], [-109.0601, 38.3562], [-109.0601, 38.357], [-109.0601, 38.3577], [-109.0601, 38.3584], [-109.0601, 38.3586], [-109.0601, 38.3586], [-109.0601, 38.3586], [-109.0601, 38.3589], [-109.0601, 38.3592], [-109.0601, 38.3595], [-109.0601, 38.3596], [-109.0601, 38.3597], [-109.0601, 38.3598], [-109.0601, 38.3599], [-109.0601, 38.3602], [-109.0601, 38.3603], [-109.0601, 38.3626], [-109.0601, 38.3636], [-109.0601, 38.3745], [-109.0602, 38.375], [-109.0602, 38.3785], [-109.0602, 38.3881], [-109.0602, 38.39], [-109.0602, 38.3913], [-109.0601, 38.3967], [-109.0601, 38.3968], [-109.0601, 38.3972], [-109.0601, 38.3973], [-109.0601, 38.3975], [-109.0601, 38.3982], [-109.0601, 38.3982], [-109.0601, 38.3983], [-109.0601, 38.3994], [-109.0601, 38.4009], [-109.0601, 38.4011], [-109.0601, 38.4011], [-109.0601, 38.4011], [-109.0601, 38.4012], [-109.0601, 38.4014], [-109.0601, 38.4016], [-109.0601, 38.4024], [-109.0601, 38.4035], [-109.0601, 38.4035], [-109.0601, 38.4036], [-109.0601, 38.4036], [-109.0601, 38.4037], [-109.0601, 38.4051], [-109.0601, 38.4068], [-109.0601, 38.4085], [-109.0601, 38.4119], [-109.0601, 38.4122], [-109.0601, 38.4131], [-109.0601, 38.4132], [-109.0601, 38.4164], [-109.0601, 38.4186], [-109.0601, 38.4187], [-109.0601, 38.4255], [-109.0601, 38.4287], [-109.0601, 38.4288], [-109.0601, 38.4292], [-109.06, 38.4307], [-109.06, 38.4317], [-109.06, 38.4325], [-109.06, 38.4334], [-109.06, 38.4338], [-109.06, 38.4356], [-109.0601, 38.4464], [-109.0601, 38.4466], [-109.0601, 38.4501], [-109.0601, 38.4543], [-109.0601, 38.4545], [-109.0601, 38.4548], [-109.0601, 38.4549], [-109.0601, 38.4554], [-109.0601, 38.4556], [-109.0601, 38.4582], [-109.0602, 38.4623], [-109.0602, 38.4628], [-109.0602, 38.4643], [-109.0602, 38.4647], [-109.0601, 38.4652], [-109.0601, 38.4652], [-109.0601, 38.4662], [-109.0601, 38.469], [-109.0599, 38.4743], [-109.06, 38.4767], [-109.06, 38.4775], [-109.06, 38.4815], [-109.06, 38.4838], [-109.06, 38.4842], [-109.06, 38.4882], [-109.06, 38.4887], [-109.06, 38.489], [-109.06, 38.4928], [-109.06, 38.4935], [-109.0601, 38.4971], [-109.0601, 38.4997], [-109.0601, 38.5], [-109.0601, 38.5], [-109.0601, 38.5018], [-109.0602, 38.5032], [-109.0601, 38.507], [-109.0601, 38.5106], [-109.06, 38.5141], [-109.0601, 38.5207], [-109.0601, 38.5215], [-109.0601, 38.5251], [-109.06, 38.5287], [-109.06, 38.5321], [-109.06, 38.5359], [-109.06, 38.5395], [-109.06, 38.5431], [-109.06, 38.5468], [-109.06, 38.547], [-109.06, 38.5504], [-109.06, 38.554], [-109.06, 38.5563], [-109.06, 38.5576], [-109.06, 38.5617], [-109.06, 38.5649], [-109.06, 38.5653], [-109.0599, 38.5689], [-109.0599, 38.5725], [-109.0599, 38.5761], [-109.0599, 38.5768], [-109.0599, 38.5794], [-109.0598, 38.5834], [-109.0598, 38.5866], [-109.0598, 38.5907], [-109.0598, 38.5939], [-109.0598, 38.5975], [-109.0598, 38.5979], [-109.0598, 38.6011], [-109.0598, 38.6016], [-109.0597, 38.6047], [-109.0597, 38.6064], [-109.0597, 38.6095], [-109.0597, 38.6119], [-109.0597, 38.6125], [-109.0597, 38.6156], [-109.0597, 38.6161], [-109.0597, 38.6192], [-109.0597, 38.6216], [-109.0597, 38.6228], [-109.0597, 38.6234], [-109.0597, 38.6264], [-109.0597, 38.627], [-109.0597, 38.63], [-109.0597, 38.6307], [-109.0597, 38.6336], [-109.0597, 38.6343], [-109.0597, 38.6372], [-109.0597, 38.6379], [-109.0597, 38.638], [-109.0597, 38.6415], [-109.0597, 38.6451], [-109.0597, 38.6481], [-109.0597, 38.6486], [-109.0597, 38.6488], [-109.0597, 38.652], [-109.0597, 38.6523], [-109.0597, 38.6668], [-109.0597, 38.6726], [-109.0597, 38.6813], [-109.0598, 38.685], [-109.0598, 38.6886], [-109.0598, 38.6922], [-109.0598, 38.6995], [-109.0598, 38.7031], [-109.0598, 38.7067], [-109.0598, 38.7103], [-109.0598, 38.714], [-109.0598, 38.7147], [-109.0598, 38.7176], [-109.0598, 38.7184], [-109.0597, 38.7212], [-109.0597, 38.722], [-109.0596, 38.7249], [-109.0596, 38.7256], [-109.0593, 38.7367], [-109.0591, 38.7488], [-109.0591, 38.749], [-109.059, 38.7495], [-109.059, 38.7502], [-109.059, 38.7512], [-109.0589, 38.7534], [-109.0589, 38.7548], [-109.0588, 38.7585], [-109.0585, 38.7658], [-109.0583, 38.772], [-109.0581, 38.7768], [-109.0579, 38.783], [-109.0576, 38.7903], [-109.0575, 38.7939], [-109.0574, 38.7975], [-109.0573, 38.7995], [-109.0572, 38.8012], [-109.0572, 38.8023], [-109.0571, 38.8044], [-109.0571, 38.8048], [-109.057, 38.806], [-109.0569, 38.8084], [-109.0569, 38.8096], [-109.0567, 38.812], [-109.0567, 38.8132], [-109.0567, 38.814], [-109.0566, 38.8156], [-109.0565, 38.8169], [-109.0564, 38.8192], [-109.0563, 38.8228], [-109.0562, 38.8242], [-109.0561, 38.8265], [-109.0561, 38.8278], [-109.0559, 38.8307], [-109.0559, 38.8308], [-109.0559, 38.8309], [-109.0559, 38.8314], [-109.0558, 38.8337], [-109.0558, 38.8351], [-109.0557, 38.8373], [-109.0556, 38.8387], [-109.0555, 38.8408], [-109.0555, 38.8423], [-109.0554, 38.8444], [-109.0552, 38.8473], [-109.0551, 38.8503], [-109.0551, 38.8516], [-109.055, 38.8532], [-109.0549, 38.8553], [-109.0548, 38.8569], [-109.0547, 38.8589], [-109.0547, 38.8605], [-109.0546, 38.8627], [-109.0545, 38.8641], [-109.0544, 38.8663], [-109.0543, 38.8699], [-109.0541, 38.8735], [-109.054, 38.8772], [-109.054, 38.8808], [-109.054, 38.8844], [-109.0539, 38.888], [-109.0539, 38.8896], [-109.0538, 38.8981], [-109.0538, 38.9042], [-109.0538, 38.9053], [-109.0537, 38.9084], [-109.0537, 38.9131], [-109.0536, 38.9188], [-109.0536, 38.9192], [-109.0536, 38.9229], [-109.0534, 38.9346], [-109.0533, 38.9452], [-109.0533, 38.9468], [-109.0533, 38.9485], [-109.0533, 38.9487], [-109.0533, 38.949], [-109.0532, 38.9532], [-109.0532, 38.9538], [-109.0529, 38.9762], [-109.0527, 38.9907], [-109.0526, 39.008], [-109.0525, 39.0154], [-109.0524, 39.0196], [-109.0524, 39.0223], [-109.0524, 39.0275], [-109.0524, 39.0287], [-109.0523, 39.0336], [-109.052, 39.0656], [-109.052, 39.0661], [-109.052, 39.0668], [-109.052, 39.0677], [-109.0519, 39.0694], [-109.0519, 39.0795], [-109.0518, 39.0828], [-109.0518, 39.0884], [-109.0517, 39.0943], [-109.0517, 39.0981], [-109.0517, 39.1031], [-109.0517, 39.1051], [-109.0516, 39.1106], [-109.0515, 39.1117], [-109.0515, 39.1159], [-109.0515, 39.1165], [-109.0515, 39.1171], [-109.0515, 39.1173], [-109.0515, 39.1177], [-109.0515, 39.1187], [-109.0515, 39.1195], [-109.0514, 39.1261], [-109.0512, 39.1426], [-109.0512, 39.1533], [-109.0512, 39.1616], [-109.0512, 39.1637], [-109.0513, 39.1866], [-109.0513, 39.1878], [-109.0513, 39.1897], [-109.0513, 39.1912], [-109.0513, 39.1924], [-109.0513, 39.1933], [-109.0513, 39.1942], [-109.0513, 39.1955], [-109.0512, 39.2067], [-109.051, 39.2271], [-109.051, 39.2279], [-109.051, 39.2292], [-109.051, 39.2297], [-109.051, 39.2301], [-109.051, 39.237], [-109.051, 39.2373], [-109.051, 39.2378], [-109.051, 39.2396], [-109.051, 39.24], [-109.051, 39.2402], [-109.051, 39.2414], [-109.0511, 39.2866], [-109.0511, 39.3073], [-109.051, 39.331], [-109.051, 39.3466], [-109.051, 39.3482], [-109.051, 39.3501], [-109.0509, 39.3538], [-109.0509, 39.3551], [-109.0509, 39.3553], [-109.0508, 39.3573], [-109.0507, 39.3609], [-109.0507, 39.3646], [-109.0508, 39.3667], [-109.0508, 39.3712], [-109.0508, 39.3725], [-109.0509, 39.375], [-109.0509, 39.3826], [-109.0509, 39.3879], [-109.0509, 39.3901], [-109.051, 39.396], [-109.051, 39.3962], [-109.051, 39.3964], [-109.051, 39.3967], [-109.051, 39.4009], [-109.051, 39.4153], [-109.051, 39.4156], [-109.0511, 39.4205], [-109.0511, 39.4205], [-109.0511, 39.4206], [-109.0511, 39.4218], [-109.0511, 39.4264], [-109.0511, 39.4265], [-109.0511, 39.4307], [-109.0511, 39.4325], [-109.0511, 39.4445], [-109.0512, 39.4452], [-109.0512, 39.4505], [-109.0512, 39.462], [-109.0512, 39.4857], [-109.0512, 39.4977], [-109.0512, 39.4978], [-109.0512, 39.5], [-109.0513, 39.5025], [-109.0513, 39.5082], [-109.0513, 39.5103], [-109.0513, 39.5111], [-109.0514, 39.5124], [-109.0514, 39.5164], [-109.0514, 39.5165], [-109.0514, 39.5166], [-109.0514, 39.5166], [-109.0514, 39.5168], [-109.0514, 39.5168], [-109.0514, 39.5168], [-109.0514, 39.5169], [-109.0514, 39.517], [-109.0514, 39.5176], [-109.0514, 39.5182], [-109.0514, 39.5188], [-109.0514, 39.5199], [-109.0514, 39.5211], [-109.0514, 39.5223], [-109.0514, 39.5247], [-109.0514, 39.5294], [-109.0514, 39.537], [-109.0514, 39.5377], [-109.0514, 39.5379], [-109.0514, 39.5391], [-109.0514, 39.541], [-109.0514, 39.5415], [-109.0514, 39.5454], [-109.0514, 39.5454], [-109.0515, 39.5493], [-109.0515, 39.5494], [-109.0515, 39.5504], [-109.0515, 39.5505], [-109.0515, 39.5506], [-109.0514, 39.5558], [-109.0514, 39.5559], [-109.0514, 39.5562], [-109.0514, 39.5606], [-109.0514, 39.5609], [-109.0514, 39.5652], [-109.0514, 39.5673], [-109.0514, 39.5675], [-109.0514, 39.5676], [-109.0514, 39.5678], [-109.0514, 39.5693], [-109.0514, 39.5752], [-109.0514, 39.5756], [-109.0514, 39.5756], [-109.0514, 39.5758], [-109.0514, 39.5758], [-109.0514, 39.5759], [-109.0514, 39.576], [-109.0514, 39.5825], [-109.0514, 39.5875], [-109.0514, 39.5887], [-109.0514, 39.5901], [-109.0514, 39.5922], [-109.0513, 39.5986], [-109.0513, 39.6026], [-109.0513, 39.6027], [-109.0513, 39.6028], [-109.0513, 39.6031], [-109.0513, 39.6047], [-109.0513, 39.6058], [-109.0513, 39.6061], [-109.0513, 39.6067], [-109.0513, 39.6069], [-109.0513, 39.6071], [-109.0513, 39.6074], [-109.0513, 39.6074], [-109.0513, 39.6075], [-109.0513, 39.6075], [-109.0513, 39.6076], [-109.0513, 39.6076], [-109.0513, 39.6077], [-109.0513, 39.6078], [-109.0513, 39.6079], [-109.0513, 39.6079], [-109.0513, 39.6079], [-109.0513, 39.608], [-109.0513, 39.613], [-109.0513, 39.6167], [-109.0513, 39.625], [-109.0513, 39.626], [-109.0513, 39.6261], [-109.0513, 39.6296], [-109.0512, 39.6358], [-109.0512, 39.6405], [-109.0512, 39.6441], [-109.0512, 39.6454], [-109.0512, 39.6474], [-109.0512, 39.6512], [-109.0512, 39.6512], [-109.0512, 39.6512], [-109.0512, 39.6512], [-109.0512, 39.6513], [-109.0512, 39.6513], [-109.0512, 39.6513], [-109.0512, 39.6513], [-109.0512, 39.6514], [-109.0512, 39.6514], [-109.0512, 39.6516], [-109.0512, 39.6518], [-109.0512, 39.652], [-109.0512, 39.6525], [-109.0512, 39.653], [-109.0512, 39.6535], [-109.0512, 39.6545], [-109.0512, 39.6554], [-109.0512, 39.6563], [-109.0512, 39.6602], [-109.0512, 39.6604], [-109.0512, 39.6605], [-109.0513, 39.664], [-109.0513, 39.6705], [-109.0513, 39.676], [-109.0513, 39.68], [-109.0513, 39.6858], [-109.0513, 39.6866], [-109.0512, 39.7024], [-109.0512, 39.7074], [-109.0512, 39.7091], [-109.0512, 39.7097], [-109.0512, 39.7098], [-109.0512, 39.7102], [-109.0512, 39.7112], [-109.0512, 39.7114], [-109.0512, 39.7115], [-109.0511, 39.7204], [-109.0511, 39.7216], [-109.0511, 39.7249], [-109.0511, 39.7264], [-109.0511, 39.7277], [-109.0511, 39.7375], [-109.0511, 39.7464], [-109.0511, 39.7499], [-109.0511, 39.7502], [-109.0511, 39.7504], [-109.051, 39.752], [-109.0511, 39.7523], [-109.051, 39.753], [-109.051, 39.7556], [-109.051, 39.7665], [-109.051, 39.7671], [-109.0511, 39.7878], [-109.051, 39.7967], [-109.051, 39.7989], [-109.051, 39.8006], [-109.051, 39.8091], [-109.051, 39.8207], [-109.051, 39.821], [-109.051, 39.821], [-109.0507, 39.8328], [-109.0507, 39.8331], [-109.0507, 39.8331], [-109.0507, 39.8331], [-109.0507, 39.8337], [-109.0506, 39.8359], [-109.0506, 39.8364], [-109.0506, 39.8366], [-109.0505, 39.8425], [-109.0504, 39.8479], [-109.0503, 39.8494], [-109.0503, 39.8524], [-109.0504, 39.8575], [-109.0504, 39.8583], [-109.0504, 39.8632], [-109.0504, 39.8636], [-109.0504, 39.8684], [-109.0504, 39.8686], [-109.0504, 39.8691], [-109.0504, 39.8822], [-109.0504, 39.8832], [-109.0505, 39.8908], [-109.0505, 39.8986], [-109.0505, 39.8993], [-109.0505, 39.8998], [-109.0505, 39.9], [-109.0505, 39.9], [-109.0505, 39.906], [-109.0505, 39.913], [-109.0505, 39.9165], [-109.0505, 39.9168], [-109.0505, 39.9174], [-109.0506, 39.9301], [-109.0506, 39.9301], [-109.0506, 39.932], [-109.0506, 39.9398], [-109.0506, 39.9406], [-109.0506, 39.9408], [-109.0506, 39.9452], [-109.0507, 39.9486], [-109.0507, 39.957], [-109.0507, 39.9574], [-109.0507, 39.9578], [-109.0507, 39.9646], [-109.0508, 39.9682], [-109.0508, 39.9684], [-109.0508, 39.9706], [-109.0508, 39.9721], [-109.0508, 39.9754], [-109.0509, 39.9775], [-109.0509, 39.9809], [-109.0509, 39.9822], [-109.0509, 39.9828], [-109.0509, 39.9834], [-109.0509, 39.9835], [-109.0509, 39.9836], [-109.0509, 39.9837], [-109.0509, 39.9837], [-109.0509, 39.9839], [-109.0509, 39.9839], [-109.0509, 39.9839], [-109.0509, 39.9855], [-109.0509, 39.9861], [-109.0509, 39.9871], [-109.051, 39.9892], [-109.051, 39.9914], [-109.051, 39.9956], [-109.0511, 39.9998], [-109.0512, 40.0082], [-109.0511, 40.0166], [-109.051, 40.0245], [-109.051, 40.0245], [-109.051, 40.0249], [-109.051, 40.025], [-109.051, 40.0252], [-109.051, 40.0264], [-109.051, 40.0275], [-109.051, 40.0275], [-109.0509, 40.0287], [-109.0509, 40.0307], [-109.0509, 40.0315], [-109.0509, 40.0324], [-109.0509, 40.0329], [-109.0509, 40.0334], [-109.0509, 40.0342], [-109.0509, 40.0342], [-109.0509, 40.0342], [-109.0509, 40.0349], [-109.0509, 40.035], [-109.0509, 40.0357], [-109.0509, 40.0373], [-109.0509, 40.0405], [-109.051, 40.0465], [-109.051, 40.0469], [-109.051, 40.0473], [-109.051, 40.0533], [-109.051, 40.0561], [-109.051, 40.0561], [-109.0509, 40.0563], [-109.0509, 40.0587], [-109.0509, 40.0588], [-109.0509, 40.0594], [-109.0509, 40.0638], [-109.0509, 40.0651], [-109.0509, 40.0657], [-109.0508, 40.0673], [-109.0508, 40.0675], [-109.0508, 40.0682], [-109.0508, 40.0682], [-109.0508, 40.0683], [-109.0508, 40.0687], [-109.0508, 40.069], [-109.0508, 40.0722], [-109.0508, 40.0751], [-109.0508, 40.0776], [-109.0508, 40.0777], [-109.0508, 40.0797], [-109.0508, 40.08], [-109.0508, 40.0801], [-109.0508, 40.0806], [-109.0508, 40.0889], [-109.0508, 40.0902], [-109.0508, 40.0917], [-109.0508, 40.0922], [-109.0508, 40.0926], [-109.0508, 40.0968], [-109.0508, 40.097], [-109.0509, 40.1038], [-109.0509, 40.1053], [-109.0509, 40.107], [-109.0509, 40.1084], [-109.0509, 40.1086], [-109.0509, 40.1101], [-109.0509, 40.1102], [-109.0509, 40.111], [-109.0509, 40.1111], [-109.0509, 40.113], [-109.0509, 40.113], [-109.0509, 40.1134], [-109.0509, 40.1142], [-109.0509, 40.1155], [-109.0509, 40.116], [-109.051, 40.1177], [-109.051, 40.1183], [-109.051, 40.1187], [-109.051, 40.1198], [-109.051, 40.1199], [-109.051, 40.1202], [-109.051, 40.1233], [-109.0509, 40.1244], [-109.0509, 40.1283], [-109.051, 40.1343], [-109.051, 40.1345], [-109.051, 40.1348], [-109.051, 40.1354], [-109.051, 40.136], [-109.051, 40.1371], [-109.051, 40.1384], [-109.051, 40.1392], [-109.051, 40.1398], [-109.051, 40.1405], [-109.051, 40.1408], [-109.051, 40.1409], [-109.051, 40.141], [-109.051, 40.1442], [-109.051, 40.1446], [-109.051, 40.1465], [-109.051, 40.148], [-109.051, 40.1518], [-109.051, 40.1519], [-109.051, 40.1522], [-109.051, 40.1587], [-109.051, 40.1592], [-109.051, 40.169], [-109.051, 40.1731], [-109.051, 40.1734], [-109.051, 40.1734], [-109.051, 40.1734], [-109.051, 40.1734], [-109.051, 40.1735], [-109.051, 40.1735], [-109.051, 40.1736], [-109.051, 40.1736], [-109.051, 40.1736], [-109.051, 40.1737], [-109.051, 40.1737], [-109.051, 40.1737], [-109.051, 40.1737], [-109.051, 40.1738], [-109.051, 40.1738], [-109.051, 40.174], [-109.051, 40.1742], [-109.0509, 40.1745], [-109.0509, 40.1754], [-109.0509, 40.1771], [-109.0509, 40.1773], [-109.0509, 40.1775], [-109.0509, 40.1793], [-109.0509, 40.1807], [-109.051, 40.1808], [-109.051, 40.1808], [-109.051, 40.1808], [-109.0509, 40.1809], [-109.0509, 40.1814], [-109.0509, 40.1819], [-109.0509, 40.1823], [-109.0509, 40.1826], [-109.0509, 40.185], [-109.0509, 40.1875], [-109.0509, 40.1898], [-109.0509, 40.1899], [-109.0509, 40.1906], [-109.0509, 40.1914], [-109.0509, 40.1929], [-109.0509, 40.1944], [-109.0509, 40.1958], [-109.0509, 40.1973], [-109.0509, 40.1975], [-109.0509, 40.1977], [-109.0509, 40.1997], [-109.0509, 40.2038], [-109.051, 40.208], [-109.051, 40.2092], [-109.051, 40.2112], [-109.051, 40.2122], [-109.051, 40.2187], [-109.051, 40.2188], [-109.051, 40.2192], [-109.051, 40.2215], [-109.0509, 40.2226], [-109.051, 40.2302], [-109.051, 40.2309], [-109.051, 40.2309], [-109.051, 40.2311], [-109.051, 40.2328], [-109.051, 40.233], [-109.051, 40.2331], [-109.051, 40.2334], [-109.051, 40.2374], [-109.051, 40.2419], [-109.051, 40.2419], [-109.051, 40.2431], [-109.051, 40.2465], [-109.051, 40.2483], [-109.051, 40.2507], [-109.0509, 40.2513], [-109.0509, 40.2515], [-109.0509, 40.2519], [-109.0509, 40.2519], [-109.0509, 40.252], [-109.0509, 40.2524], [-109.0509, 40.2528], [-109.051, 40.2538], [-109.051, 40.2547], [-109.051, 40.2563], [-109.051, 40.2576], [-109.051, 40.2577], [-109.051, 40.2593], [-109.051, 40.2626], [-109.051, 40.2662], [-109.051, 40.2666], [-109.051, 40.2675], [-109.051, 40.2692], [-109.051, 40.2699], [-109.051, 40.2701], [-109.051, 40.2711], [-109.051, 40.2713], [-109.051, 40.2716], [-109.051, 40.2717], [-109.051, 40.2718], [-109.051, 40.2722], [-109.051, 40.273], [-109.051, 40.2733], [-109.051, 40.2735], [-109.051, 40.2738], [-109.051, 40.2786], [-109.051, 40.2797], [-109.051, 40.2797], [-109.051, 40.2802], [-109.051, 40.283], [-109.051, 40.2839], [-109.051, 40.2849], [-109.051, 40.2874], [-109.051, 40.2875], [-109.051, 40.2896], [-109.051, 40.2897], [-109.051, 40.2899], [-109.051, 40.2928], [-109.051, 40.2965], [-109.0509, 40.2977], [-109.0509, 40.2979], [-109.0509, 40.2995], [-109.0509, 40.3003], [-109.0509, 40.3003], [-109.0509, 40.3003], [-109.0509, 40.3004], [-109.0509, 40.3014], [-109.0509, 40.303], [-109.0509, 40.3042], [-109.0509, 40.3054], [-109.0509, 40.3066], [-109.0509, 40.3078], [-109.0509, 40.3088], [-109.0509, 40.3092], [-109.0509, 40.3099], [-109.0509, 40.3106], [-109.0509, 40.3113], [-109.0509, 40.3119], [-109.0509, 40.3126], [-109.0509, 40.3133], [-109.0509, 40.314], [-109.0509, 40.3147], [-109.0509, 40.3154], [-109.0509, 40.3154], [-109.0509, 40.316], [-109.0509, 40.3169], [-109.0509, 40.3178], [-109.0509, 40.3187], [-109.0509, 40.3196], [-109.0509, 40.3205], [-109.0509, 40.3215], [-109.0509, 40.3224], [-109.0509, 40.3233], [-109.0509, 40.3242], [-109.0509, 40.3251], [-109.0509, 40.3254], [-109.0509, 40.3256], [-109.0509, 40.3259], [-109.0509, 40.326], [-109.0509, 40.326], [-109.0509, 40.3265], [-109.0509, 40.327], [-109.0509, 40.3276], [-109.0509, 40.3281], [-109.0509, 40.3283], [-109.0509, 40.3284], [-109.0509, 40.3288], [-109.0509, 40.3289], [-109.0509, 40.3289], [-109.0509, 40.3289], [-109.0509, 40.3289], [-109.0509, 40.3289], [-109.0509, 40.3299], [-109.0509, 40.3346], [-109.0509, 40.3362], [-109.0509, 40.3371], [-109.0509, 40.3398], [-109.0509, 40.3407], [-109.0509, 40.3415], [-109.0509, 40.343], [-109.0509, 40.3498], [-109.0509, 40.3521], [-109.0509, 40.3529], [-109.0509, 40.3555], [-109.0509, 40.3564], [-109.0509, 40.3581], [-109.0509, 40.3631], [-109.0509, 40.3648], [-109.0509, 40.3655], [-109.0509, 40.3674], [-109.0509, 40.3681], [-109.0509, 40.3683], [-109.0509, 40.3691], [-109.0509, 40.3694], [-109.0508, 40.372], [-109.0508, 40.375], [-109.0508, 40.3798], [-109.0508, 40.3823], [-109.0508, 40.3843], [-109.0508, 40.3848], [-109.0508, 40.3901], [-109.0508, 40.3921], [-109.0508, 40.3923], [-109.0508, 40.393], [-109.0508, 40.3932], [-109.0508, 40.3959], [-109.0509, 40.4038], [-109.0509, 40.4065], [-109.0509, 40.4081], [-109.0509, 40.413], [-109.0509, 40.4146], [-109.0509, 40.4147], [-109.0509, 40.4149], [-109.0509, 40.415], [-109.0509, 40.4189], [-109.0509, 40.4282], [-109.0509, 40.4287], [-109.0509, 40.4288], [-109.0509, 40.429], [-109.051, 40.4317], [-109.0511, 40.4344], [-109.0511, 40.4346], [-109.0511, 40.4364], [-109.0511, 40.4371], [-109.0511, 40.4371], [-109.0511, 40.4373], [-109.0511, 40.4374], [-109.0512, 40.4376], [-109.0512, 40.4406], [-109.0512, 40.4411], [-109.0512, 40.4416], [-109.0512, 40.4423], [-109.0512, 40.4466], [-109.0511, 40.4535], [-109.0511, 40.4536], [-109.0511, 40.454], [-109.051, 40.4583], [-109.0509, 40.471], [-109.0508, 40.4712], [-109.0508, 40.4714], [-109.0508, 40.4719], [-109.0508, 40.4745], [-109.0508, 40.4762], [-109.0508, 40.4778], [-109.0507, 40.4786], [-109.0507, 40.4792], [-109.0507, 40.4793], [-109.0507, 40.4797], [-109.0507, 40.484], [-109.0507, 40.4862], [-109.0506, 40.4885], [-109.0505, 40.4951], [-109.0505, 40.4959], [-109.0505, 40.496], [-109.0505, 40.4965], [-109.0505, 40.4975], [-109.0505, 40.4985], [-109.0505, 40.4989], [-109.0504, 40.5031], [-109.0504, 40.5078], [-109.0504, 40.508], [-109.0503, 40.5132], [-109.0503, 40.5142], [-109.0503, 40.5173], [-109.0502, 40.5195], [-109.0502, 40.52], [-109.0502, 40.5236], [-109.0502, 40.5242], [-109.0501, 40.5269], [-109.0501, 40.5292], [-109.05, 40.5316], [-109.0499, 40.5342], [-109.0498, 40.5391], [-109.0498, 40.5392], [-109.0497, 40.5398], [-109.0497, 40.5404], [-109.0497, 40.541], [-109.0497, 40.5411], [-109.0497, 40.5413], [-109.0496, 40.5433], [-109.0495, 40.5458], [-109.049, 40.5604], [-109.049, 40.5611], [-109.049, 40.5616], [-109.0487, 40.5686], [-109.0482, 40.5765], [-109.0481, 40.5782], [-109.0481, 40.5796], [-109.048, 40.5806], [-109.048, 40.5807], [-109.048, 40.581], [-109.048, 40.5851], [-109.0481, 40.5878], [-109.0481, 40.588], [-109.0481, 40.5914], [-109.0481, 40.5951], [-109.048, 40.5971], [-109.048, 40.5976], [-109.048, 40.5979], [-109.0478, 40.6053], [-109.0478, 40.6067], [-109.0478, 40.6099], [-109.0478, 40.6117], [-109.0479, 40.6155], [-109.0479, 40.6193], [-109.0479, 40.6195], [-109.0479, 40.6211], [-109.048, 40.6236], [-109.048, 40.626], [-109.0481, 40.6276], [-109.0481, 40.6286], [-109.0481, 40.6287], [-109.0481, 40.6297], [-109.0481, 40.6297], [-109.0481, 40.6298], [-109.0481, 40.6299], [-109.0481, 40.6299], [-109.0481, 40.63], [-109.0481, 40.63], [-109.0481, 40.6303], [-109.0481, 40.6306], [-109.0481, 40.6308], [-109.0481, 40.6309], [-109.0481, 40.6312], [-109.0481, 40.6314], [-109.0481, 40.6318], [-109.0482, 40.6331], [-109.0482, 40.6352], [-109.0482, 40.6353], [-109.0482, 40.6356], [-109.0483, 40.6397], [-109.0486, 40.6536], [-109.0487, 40.6553], [-109.0487, 40.656], [-109.0489, 40.662], [-109.0489, 40.6626], [-109.0484, 40.6626], [-109.0485, 40.6658], [-109.0485, 40.6675], [-109.0485, 40.6675], [-109.0485, 40.6676], [-109.0486, 40.6677], [-109.0486, 40.6677], [-109.0486, 40.6683], [-109.0486, 40.6698], [-109.0486, 40.6704], [-109.0486, 40.6705], [-109.049, 40.6844], [-109.049, 40.6844], [-109.049, 40.685], [-109.049, 40.693], [-109.049, 40.6947], [-109.049, 40.6968], [-109.049, 40.6983], [-109.049, 40.699], [-109.0491, 40.7103], [-109.0491, 40.7145], [-109.0488, 40.7514], [-109.0487, 40.7715], [-109.0487, 40.7827], [-109.0487, 40.7828], [-109.0487, 40.784], [-109.0487, 40.7926], [-109.0487, 40.7927], [-109.0486, 40.798], [-109.0485, 40.8109], [-109.0485, 40.8144], [-109.0485, 40.8198], [-109.0485, 40.82], [-109.0485, 40.8211], [-109.0485, 40.8248], [-109.0485, 40.8261], [-109.0485, 40.8273], [-109.0485, 40.8309], [-109.0485, 40.8321], [-109.0485, 40.8321], [-109.0485, 40.8325], [-109.0486, 40.8336], [-109.0486, 40.8337], [-109.0486, 40.834], [-109.0486, 40.8342], [-109.0486, 40.8344], [-109.0486, 40.8348], [-109.0486, 40.8349], [-109.0486, 40.8351], [-109.0486, 40.8359], [-109.0486, 40.8361], [-109.0488, 40.8378], [-109.0488, 40.8383], [-109.0488, 40.8391], [-109.0488, 40.8396], [-109.0488, 40.8408], [-109.0489, 40.8413], [-109.0489, 40.8415], [-109.0489, 40.8416], [-109.0488, 40.8424], [-109.0488, 40.8426], [-109.0489, 40.8548], [-109.0489, 40.8551], [-109.0489, 40.8589], [-109.0489, 40.8619], [-109.0488, 40.8628], [-109.0489, 40.8649], [-109.0489, 40.8668], [-109.0489, 40.87], [-109.049, 40.873], [-109.049, 40.8742], [-109.0489, 40.8836], [-109.0489, 40.8841], [-109.0489, 40.8843], [-109.0489, 40.8878], [-109.0489, 40.8879], [-109.049, 40.8914], [-109.049, 40.8915], [-109.049, 40.8919], [-109.049, 40.8937], [-109.0493, 40.9086], [-109.0493, 40.9115], [-109.0493, 40.9132], [-109.0493, 40.9134], [-109.0493, 40.9168], [-109.0493, 40.917], [-109.0493, 40.9173], [-109.0494, 40.9204], [-109.0494, 40.9206], [-109.0495, 40.9427], [-109.0495, 40.9437], [-109.0496, 40.9466], [-109.0496, 40.9474], [-109.0496, 40.9475], [-109.0497, 40.9589], [-109.0497, 40.9592], [-109.0497, 40.9632], [-109.0498, 40.9729], [-109.0498, 40.9729], [-109.0499, 40.9846], [-109.0499, 40.9949], [-109.0499, 40.9949], [-109.05, 40.9989], [-109.05, 41.0007], [-109.0313, 41.0005], [-109.0292, 41.0005], [-109.025, 41.0005], [-109.0229, 41.0005], [-109.0219, 41.0005], [-109.0208, 41.0005], [-109.0177, 41.0005], [-109.0147, 41.0005], [-109.0146, 41.0005], [-109.0129, 41.0005], [-109.0084, 41.0005], [-109.0053, 41.0005], [-109.0044, 41.0005], [-109.0041, 41.0005], [-109.0016, 41.0006], [-109.0007, 41.0006], [-109.0005, 41.0006], [-108.9972, 41.0005], [-108.9931, 41.0005], [-108.9866, 41.0005], [-108.9845, 41.0005], [-108.9831, 41.0005], [-108.9801, 41.0005], [-108.9765, 41.0005], [-108.9711, 41.0004], [-108.9681, 41.0004], [-108.966, 41.0004], [-108.9619, 41.0004], [-108.9569, 41.0004], [-108.9503, 41.0004], [-108.9435, 41.0003], [-108.9374, 41.0003], [-108.9339, 41.0003], [-108.9317, 41.0003], [-108.9234, 41.0002], [-108.9201, 41.0002], [-108.9198, 41.0002], [-108.9198, 41.0002], [-108.9195, 41.0002], [-108.9194, 41.0002], [-108.9178, 41.0002], [-108.9129, 41.0002], [-108.9113, 41.0002], [-108.9059, 41.0002], [-108.8923, 41.0001], [-108.8919, 41.0001], [-108.8897, 41.0001], [-108.8852, 41.0001], [-108.8846, 41.0001], [-108.8843, 41.0001], [-108.8841, 41.0001], [-108.8826, 41.0001], [-108.8774, 41.0002], [-108.8757, 41.0002], [-108.8724, 41.0002], [-108.8678, 41.0001], [-108.8627, 41.0001], [-108.861, 41.0001], [-108.8595, 41.0001], [-108.8595, 41.0001], [-108.8594, 41.0001], [-108.8594, 41.0001], [-108.8583, 41.0001], [-108.8549, 41.0001], [-108.8538, 41.0], [-108.853, 41.0], [-108.8505, 41.0001], [-108.8497, 41.0001], [-108.8489, 41.0001], [-108.8465, 41.0001], [-108.8457, 41.0001], [-108.8449, 41.0001], [-108.8427, 41.0001], [-108.842, 41.0001], [-108.8411, 41.0001], [-108.8385, 41.0001], [-108.8377, 41.0001], [-108.8368, 41.0001], [-108.8343, 41.0001], [-108.8334, 41.0001], [-108.8327, 41.0001], [-108.8325, 41.0001], [-108.8296, 41.0001], [-108.8287, 41.0001], [-108.8275, 41.0001], [-108.824, 41.0002], [-108.8238, 41.0002], [-108.8229, 41.0002], [-108.8223, 41.0001], [-108.8205, 41.0001], [-108.82, 41.0001], [-108.8195, 41.0001], [-108.818, 41.0001], [-108.8175, 41.0001], [-108.8164, 41.0001], [-108.813, 41.0001], [-108.8119, 41.0001], [-108.8099, 41.0002], [-108.8039, 41.0002], [-108.8018, 41.0002], [-108.8, 41.0002], [-108.7943, 41.0002], [-108.7924, 41.0002], [-108.7915, 41.0002], [-108.7889, 41.0002], [-108.788, 41.0002], [-108.7879, 41.0002], [-108.7877, 41.0002], [-108.7876, 41.0002], [-108.7872, 41.0002], [-108.7862, 41.0001], [-108.7858, 41.0001], [-108.7847, 41.0001], [-108.7813, 41.0001], [-108.7802, 41.0001], [-108.7795, 41.0001], [-108.7787, 41.0001], [-108.7773, 41.0001], [-108.7766, 41.0001], [-108.7752, 41.0001], [-108.7738, 41.0001], [-108.7683, 41.0001], [-108.7675, 41.0001], [-108.7652, 41.0001], [-108.7623, 41.0001], [-108.7579, 41.0002], [-108.7568, 41.0002], [-108.754, 41.0002], [-108.7511, 41.0002], [-108.7507, 41.0002], [-108.7459, 41.0001], [-108.7445, 41.0001], [-108.74, 41.0001], [-108.7383, 41.0001], [-108.7345, 41.0001], [-108.733, 41.0001], [-108.7312, 41.0001], [-108.7287, 41.0001], [-108.7211, 41.0001], [-108.7186, 41.0001], [-108.7172, 41.0001], [-108.7129, 41.0001], [-108.7115, 41.0001], [-108.7104, 41.0001], [-108.707, 41.0001], [-108.7058, 41.0001], [-108.705, 41.0001], [-108.7026, 41.0001], [-108.7018, 41.0001], [-108.7012, 41.0001], [-108.6996, 41.0001], [-108.6991, 41.0001], [-108.6962, 41.0001], [-108.6875, 41.0001], [-108.6847, 41.0001], [-108.6833, 41.0001], [-108.6822, 41.0001], [-108.6791, 41.0001], [-108.6777, 41.0001], [-108.6764, 41.0001], [-108.6724, 41.0001], [-108.6715, 41.0001], [-108.6711, 41.0001], [-108.6677, 41.0001], [-108.6577, 41.0001], [-108.6558, 41.0001], [-108.6544, 41.0001], [-108.6541, 41.0001], [-108.6534, 41.0001], [-108.6532, 41.0001], [-108.6511, 41.0001], [-108.6484, 41.0001], [-108.6477, 41.0001], [-108.6472, 41.0001], [-108.6469, 41.0001], [-108.6458, 41.0001], [-108.6451, 41.0001], [-108.643, 41.0001], [-108.6417, 41.0001], [-108.6376, 41.0001], [-108.6363, 41.0002], [-108.6362, 41.0002], [-108.6361, 41.0002], [-108.6361, 41.0002], [-108.636, 41.0002], [-108.6358, 41.0002], [-108.6357, 41.0002], [-108.6357, 41.0002], [-108.6356, 41.0002], [-108.6349, 41.0002], [-108.6337, 41.0002], [-108.6312, 41.0002], [-108.6311, 41.0002], [-108.6309, 41.0001], [-108.6305, 41.0001], [-108.6301, 41.0001], [-108.6272, 41.0], [-108.6262, 41.0], [-108.6257, 41.0], [-108.6251, 41.0], [-108.616, 41.0], [-108.6149, 41.0], [-108.6141, 41.0], [-108.6116, 41.0], [-108.6108, 41.0], [-108.6101, 41.0], [-108.608, 41.0], [-108.6074, 41.0], [-108.6072, 41.0], [-108.6065, 41.0], [-108.6052, 41.0], [-108.604, 41.0], [-108.6032, 41.0], [-108.6022, 41.0], [-108.5992, 41.0], [-108.5989, 41.0], [-108.5982, 41.0], [-108.5982, 41.0], [-108.5982, 41.0], [-108.5982, 41.0], [-108.5981, 41.0], [-108.598, 41.0], [-108.5967, 41.0], [-108.5811, 41.0], [-108.5767, 41.0], [-108.5756, 41.0], [-108.5725, 41.0], [-108.5715, 41.0], [-108.5711, 41.0], [-108.5702, 41.0], [-108.5699, 41.0], [-108.5693, 41.0], [-108.5677, 41.0], [-108.5672, 41.0], [-108.5662, 41.0], [-108.5634, 41.0], [-108.5625, 41.0], [-108.5624, 41.0], [-108.5623, 41.0], [-108.562, 41.0], [-108.5619, 41.0], [-108.5617, 40.9999], [-108.5614, 40.9998], [-108.561, 40.9998], [-108.5585, 40.9997], [-108.5577, 40.9996], [-108.5563, 40.9996], [-108.5525, 40.9996], [-108.5523, 40.9996], [-108.5509, 40.9996], [-108.548, 40.9996], [-108.5439, 40.9997], [-108.5392, 40.9997], [-108.5388, 40.9997], [-108.5363, 40.9997], [-108.5361, 40.9997], [-108.5354, 40.9997], [-108.5352, 40.9997], [-108.5343, 40.9997], [-108.5316, 40.9997], [-108.5307, 40.9996], [-108.5298, 40.9996], [-108.5271, 40.9996], [-108.5267, 40.9996], [-108.5261, 40.9996], [-108.526, 40.9996], [-108.5249, 40.9996], [-108.5211, 40.9998], [-108.5207, 40.9998], [-108.5198, 40.9999], [-108.5196, 41.0], [-108.5182, 41.0], [-108.5134, 41.0], [-108.512, 41.0], [-108.5118, 41.0], [-108.5096, 41.0], [-108.5042, 41.0001], [-108.5029, 41.0001], [-108.5007, 41.0001], [-108.5007, 41.0001], [-108.4999, 41.0001], [-108.4975, 41.0001], [-108.4967, 41.0001], [-108.4951, 41.0001], [-108.4903, 41.0001], [-108.4887, 41.0001], [-108.4875, 41.0001], [-108.4839, 41.0001], [-108.4827, 41.0001], [-108.4813, 41.0001], [-108.4775, 41.0001], [-108.4767, 41.0001], [-108.4753, 41.0001], [-108.4727, 41.0001], [-108.4724, 41.0001], [-108.4657, 41.0001], [-108.4652, 41.0001], [-108.4627, 41.0001], [-108.4624, 41.0001], [-108.4612, 41.0001], [-108.4609, 41.0001], [-108.4603, 41.0001], [-108.4586, 41.0001], [-108.4582, 41.0001], [-108.458, 41.0001], [-108.457, 41.0001], [-108.4538, 41.0001], [-108.4528, 41.0001], [-108.4496, 41.0001], [-108.4399, 41.0001], [-108.4371, 41.0001], [-108.4366, 41.0001], [-108.4348, 41.0001], [-108.4293, 41.0001], [-108.4281, 41.0001], [-108.4274, 41.0001], [-108.4272, 41.0001], [-108.4264, 41.0001], [-108.4261, 41.0001], [-108.4217, 41.0001], [-108.4085, 41.0], [-108.4044, 41.0], [-108.4041, 41.0], [-108.4041, 41.0], [-108.4041, 41.0], [-108.4039, 41.0], [-108.4038, 41.0], [-108.4007, 41.0], [-108.3937, 41.0], [-108.3913, 41.0], [-108.3882, 41.0], [-108.3881, 41.0], [-108.3877, 41.0], [-108.3876, 41.0], [-108.3827, 41.0], [-108.3757, 41.0], [-108.3682, 41.0], [-108.3633, 41.0], [-108.3611, 41.0], [-108.3542, 41.0], [-108.3519, 41.0], [-108.3504, 41.0], [-108.3475, 41.0], [-108.3342, 41.0], [-108.3298, 41.0], [-108.3296, 41.0], [-108.3291, 41.0], [-108.3269, 41.0001], [-108.3262, 41.0001], [-108.3222, 41.0001], [-108.3102, 41.0001], [-108.3062, 41.0001], [-108.305, 41.0001], [-108.3014, 41.0001], [-108.3002, 41.0001], [-108.2997, 41.0001], [-108.2983, 41.0001], [-108.2979, 41.0001], [-108.2978, 41.0001], [-108.2976, 41.0001], [-108.2975, 41.0001], [-108.2879, 41.0001], [-108.2879, 41.0001], [-108.2875, 41.0001], [-108.2857, 41.0001], [-108.2792, 41.0001], [-108.277, 41.0001], [-108.2732, 41.0001], [-108.2615, 41.0001], [-108.2578, 41.0001], [-108.2576, 41.0001], [-108.256, 41.0001], [-108.2513, 41.0001], [-108.2506, 41.0001], [-108.2497, 41.0004], [-108.2469, 41.0003], [-108.2469, 41.0003], [-108.2437, 41.0003], [-108.2384, 41.0004], [-108.2356, 41.0004], [-108.2337, 41.0003], [-108.2329, 41.0003], [-108.2321, 41.0003], [-108.2287, 41.0003], [-108.2249, 41.0003], [-108.2226, 41.0003], [-108.2222, 41.0004], [-108.2197, 41.0004], [-108.2166, 41.0004], [-108.2122, 41.0003], [-108.2099, 41.0003], [-108.2097, 41.0003], [-108.2096, 41.0003], [-108.2083, 41.0004], [-108.2065, 41.0004], [-108.2041, 41.0004], [-108.2027, 41.0004], [-108.202, 41.0004], [-108.1986, 41.0004], [-108.1885, 41.0004], [-108.1862, 41.0004], [-108.1832, 41.0004], [-108.1821, 41.0005], [-108.182, 41.0005], [-108.1818, 41.0005], [-108.1814, 41.0005], [-108.1812, 41.0005], [-108.1788, 41.0005], [-108.1737, 41.0006], [-108.1717, 41.0006], [-108.1694, 41.0006], [-108.1693, 41.0006], [-108.1691, 41.0006], [-108.1684, 41.0006], [-108.1681, 41.0006], [-108.168, 41.0006], [-108.1643, 41.0007], [-108.1641, 41.0007], [-108.1528, 41.0009], [-108.1493, 41.001], [-108.149, 41.001], [-108.1489, 41.001], [-108.1487, 41.001], [-108.1487, 41.001], [-108.1486, 41.001], [-108.1456, 41.001], [-108.1441, 41.001], [-108.133, 41.0012], [-108.1306, 41.0012], [-108.1262, 41.0013], [-108.1261, 41.0013], [-108.1256, 41.0013], [-108.1254, 41.0013], [-108.1233, 41.0012], [-108.1226, 41.0012], [-108.1205, 41.0012], [-108.1142, 41.0013], [-108.1123, 41.0013], [-108.112, 41.0013], [-108.1116, 41.0013], [-108.1104, 41.0013], [-108.11, 41.0013], [-108.1091, 41.0014], [-108.1065, 41.0014], [-108.1057, 41.0014], [-108.1056, 41.0014], [-108.1055, 41.0014], [-108.1054, 41.0014], [-108.1053, 41.0014], [-108.1021, 41.0014], [-108.0993, 41.0013], [-108.0927, 41.0013], [-108.0895, 41.0012], [-108.0894, 41.0013], [-108.0893, 41.0015], [-108.0892, 41.0016], [-108.0801, 41.0017], [-108.0729, 41.0018], [-108.0726, 41.0018], [-108.0636, 41.0019], [-108.0528, 41.002], [-108.0489, 41.002], [-108.0465, 41.0021], [-108.0439, 41.0021], [-108.0436, 41.0021], [-108.0402, 41.0021], [-108.0339, 41.0021], [-108.03, 41.0021], [-108.0266, 41.0021], [-108.025, 41.0021], [-108.0242, 41.0021], [-108.02, 41.002], [-108.0189, 41.002], [-108.0184, 41.002], [-108.017, 41.002], [-108.013, 41.0019], [-108.0118, 41.0019], [-108.0116, 41.0019], [-108.0112, 41.0019], [-108.01, 41.0019], [-108.0096, 41.0019], [-108.0093, 41.0019], [-108.0083, 41.0019], [-108.008, 41.0019], [-108.0006, 41.0018], [-108.0004, 41.0018], [-108.0002, 41.0018], [-107.9932, 41.0019], [-107.9779, 41.002], [-107.9778, 41.002], [-107.9703, 41.002], [-107.9687, 41.002], [-107.9637, 41.002], [-107.962, 41.002], [-107.9602, 41.002], [-107.9549, 41.002], [-107.9533, 41.002], [-107.9531, 41.002], [-107.9519, 41.002], [-107.9481, 41.002], [-107.9469, 41.002], [-107.9461, 41.002], [-107.9421, 41.002], [-107.9396, 41.002], [-107.9307, 41.002], [-107.9278, 41.002], [-107.9232, 41.002], [-107.9232, 41.002], [-107.9231, 41.002], [-107.923, 41.002], [-107.9229, 41.002], [-107.9228, 41.002], [-107.9221, 41.002], [-107.9193, 41.002], [-107.9184, 41.002], [-107.918, 41.002], [-107.917, 41.002], [-107.9166, 41.002], [-107.9162, 41.002], [-107.9141, 41.002], [-107.9141, 41.002], [-107.9079, 41.002], [-107.9059, 41.002], [-107.9048, 41.002], [-107.9018, 41.002], [-107.9008, 41.002], [-107.8967, 41.002], [-107.8938, 41.002], [-107.8845, 41.002], [-107.883, 41.002], [-107.8804, 41.002], [-107.8776, 41.002], [-107.8756, 41.002], [-107.8692, 41.002], [-107.8666, 41.0019], [-107.8664, 41.0019], [-107.8657, 41.0019], [-107.8639, 41.0019], [-107.8633, 41.0019], [-107.8633, 41.0019], [-107.8617, 41.0019], [-107.8599, 41.0019], [-107.857, 41.0019], [-107.8554, 41.0019], [-107.855, 41.0019], [-107.8537, 41.0019], [-107.8532, 41.0019], [-107.8529, 41.0019], [-107.8519, 41.0019], [-107.8518, 41.0019], [-107.8516, 41.0019], [-107.8503, 41.0019], [-107.8465, 41.0019], [-107.8452, 41.0019], [-107.8445, 41.0019], [-107.8424, 41.0019], [-107.8417, 41.0019], [-107.8409, 41.0019], [-107.8387, 41.0019], [-107.8379, 41.0019], [-107.8379, 41.0019], [-107.8379, 41.0019], [-107.8149, 41.002], [-107.8123, 41.002], [-107.811, 41.002], [-107.8108, 41.002], [-107.8085, 41.0019], [-107.8083, 41.0019], [-107.8081, 41.0019], [-107.808, 41.0019], [-107.8079, 41.0019], [-107.8043, 41.0019], [-107.8038, 41.0019], [-107.8034, 41.0019], [-107.8006, 41.0019], [-107.8003, 41.0019], [-107.8, 41.0019], [-107.792, 41.002], [-107.7916, 41.002], [-107.7866, 41.0019], [-107.7848, 41.0019], [-107.7841, 41.0019], [-107.7819, 41.0019], [-107.7744, 41.0019], [-107.7719, 41.0019], [-107.7695, 41.0019], [-107.7669, 41.0019], [-107.7625, 41.002], [-107.7602, 41.002], [-107.757, 41.002], [-107.7562, 41.002], [-107.7557, 41.002], [-107.7529, 41.002], [-107.7506, 41.002], [-107.7487, 41.002], [-107.7374, 41.002], [-107.7312, 41.0021], [-107.724, 41.0021], [-107.7233, 41.0021], [-107.7211, 41.0021], [-107.7204, 41.0021], [-107.7203, 41.0021], [-107.7198, 41.0021], [-107.7182, 41.0021], [-107.7177, 41.0021], [-107.7176, 41.0021], [-107.7174, 41.0021], [-107.7173, 41.0021], [-107.717, 41.0021], [-107.7153, 41.0021], [-107.7149, 41.0021], [-107.7148, 41.0021], [-107.7146, 41.0021], [-107.7145, 41.0021], [-107.7137, 41.0021], [-107.7105, 41.0021], [-107.7096, 41.0021], [-107.7095, 41.0021], [-107.7094, 41.0021], [-107.7093, 41.0021], [-107.7089, 41.0021], [-107.7076, 41.0021], [-107.7073, 41.0021], [-107.7073, 41.0021], [-107.7072, 41.0022], [-107.7071, 41.0022], [-107.7071, 41.0022], [-107.707, 41.0022], [-107.7069, 41.0022], [-107.7069, 41.0022], [-107.7066, 41.0022], [-107.7058, 41.0022], [-107.7057, 41.0022], [-107.7056, 41.0021], [-107.7055, 41.0021], [-107.7053, 41.0021], [-107.7053, 41.0021], [-107.7027, 41.0021], [-107.6942, 41.0022], [-107.6914, 41.0022], [-107.6914, 41.0022], [-107.691, 41.0022], [-107.6898, 41.0022], [-107.6894, 41.0022], [-107.6786, 41.0022], [-107.6784, 41.0022], [-107.6726, 41.0022], [-107.672, 41.0021], [-107.6707, 41.0021], [-107.6705, 41.0021], [-107.6704, 41.0021], [-107.6696, 41.0021], [-107.6696, 41.0021], [-107.6695, 41.0021], [-107.6693, 41.0021], [-107.6692, 41.0021], [-107.6626, 41.0021], [-107.6609, 41.0021], [-107.643, 41.0021], [-107.6365, 41.0021], [-107.6306, 41.0021], [-107.6256, 41.0021], [-107.6134, 41.0022], [-107.5736, 41.0023], [-107.5731, 41.0023], [-107.5699, 41.0023], [-107.5586, 41.0023], [-107.5567, 41.0023], [-107.5548, 41.0023], [-107.5548, 41.0023], [-107.5514, 41.0023], [-107.541, 41.0023], [-107.5375, 41.0023], [-107.5367, 41.0023], [-107.534, 41.0023], [-107.5333, 41.0023], [-107.5331, 41.0023], [-107.5267, 41.0024], [-107.5266, 41.0024], [-107.5185, 41.0024], [-107.511, 41.0024], [-107.5072, 41.0023], [-107.5007, 41.0023], [-107.5006, 41.0023], [-107.4963, 41.0024], [-107.4837, 41.0026], [-107.4831, 41.0026], [-107.4809, 41.0026], [-107.4787, 41.0027], [-107.4787, 41.0027], [-107.4786, 41.0027], [-107.4744, 41.0027], [-107.4721, 41.0027], [-107.4613, 41.0027], [-107.457, 41.0027], [-107.4566, 41.0027], [-107.4555, 41.0027], [-107.4511, 41.0028], [-107.4501, 41.0028], [-107.4496, 41.0028], [-107.4476, 41.0028], [-107.4415, 41.0028], [-107.4394, 41.0028], [-107.4365, 41.0028], [-107.4279, 41.0028], [-107.4277, 41.0028], [-107.4251, 41.0029], [-107.4248, 41.0029], [-107.4248, 41.0029], [-107.4246, 41.0029], [-107.424, 41.0029], [-107.4239, 41.0029], [-107.4238, 41.0029], [-107.4188, 41.0029], [-107.4037, 41.0029], [-107.3988, 41.003], [-107.3986, 41.003], [-107.3986, 41.003], [-107.3986, 41.003], [-107.3962, 41.003], [-107.3935, 41.003], [-107.3887, 41.003], [-107.3873, 41.003], [-107.3863, 41.003], [-107.3862, 41.003], [-107.3862, 41.003], [-107.3861, 41.003], [-107.3844, 41.003], [-107.3831, 41.003], [-107.3791, 41.003], [-107.3774, 41.003], [-107.3756, 41.003], [-107.3754, 41.003], [-107.3695, 41.0031], [-107.3675, 41.0031], [-107.3675, 41.0031], [-107.3673, 41.0031], [-107.3673, 41.0031], [-107.3672, 41.0031], [-107.3671, 41.0031], [-107.3657, 41.0031], [-107.3609, 41.0031], [-107.3594, 41.0031], [-107.3589, 41.0031], [-107.3573, 41.003], [-107.3569, 41.003], [-107.3568, 41.003], [-107.3567, 41.003], [-107.3567, 41.003], [-107.3562, 41.003], [-107.3545, 41.003], [-107.3542, 41.003], [-107.3541, 41.003], [-107.354, 41.003], [-107.3538, 41.003], [-107.3536, 41.003], [-107.3517, 41.003], [-107.345, 41.003], [-107.3427, 41.003], [-107.3394, 41.003], [-107.3295, 41.0029], [-107.3262, 41.0029], [-107.3202, 41.0029], [-107.3196, 41.0029], [-107.3195, 41.0029], [-107.3194, 41.0029], [-107.3187, 41.0029], [-107.3181, 41.0029], [-107.3178, 41.0029], [-107.3163, 41.0029], [-107.3117, 41.0029], [-107.3116, 41.0029], [-107.3112, 41.0029], [-107.3108, 41.0029], [-107.3101, 41.0029], [-107.3096, 41.0029], [-107.3079, 41.0029], [-107.3076, 41.0029], [-107.3075, 41.0029], [-107.3074, 41.0029], [-107.3073, 41.0029], [-107.3072, 41.0029], [-107.3065, 41.0029], [-107.3038, 41.0029], [-107.3029, 41.0029], [-107.3029, 41.0029], [-107.3027, 41.0029], [-107.3022, 41.0029], [-107.302, 41.0029], [-107.3017, 41.0029], [-107.3008, 41.0029], [-107.3007, 41.0029], [-107.3006, 41.0029], [-107.3005, 41.0029], [-107.3004, 41.0029], [-107.2993, 41.0029], [-107.2959, 41.0029], [-107.2949, 41.0029], [-107.2948, 41.0029], [-107.2947, 41.0029], [-107.2946, 41.0029], [-107.2945, 41.0029], [-107.2942, 41.0029], [-107.2927, 41.0029], [-107.2925, 41.0029], [-107.2922, 41.0029], [-107.2921, 41.0029], [-107.292, 41.0029], [-107.292, 41.0029], [-107.292, 41.0029], [-107.2886, 41.0029], [-107.2783, 41.0028], [-107.2772, 41.0028], [-107.275, 41.0028], [-107.2749, 41.0028], [-107.2749, 41.0028], [-107.2748, 41.0028], [-107.2748, 41.0028], [-107.2715, 41.0028], [-107.2614, 41.0028], [-107.2587, 41.0028], [-107.2581, 41.0028], [-107.2579, 41.0028], [-107.2579, 41.0029], [-107.2547, 41.0029], [-107.2542, 41.0029], [-107.2506, 41.0029], [-107.2457, 41.0028], [-107.2446, 41.0028], [-107.2414, 41.0028], [-107.2412, 41.0028], [-107.2411, 41.0028], [-107.2407, 41.0028], [-107.2407, 41.0028], [-107.2406, 41.0028], [-107.2401, 41.0028], [-107.2386, 41.0028], [-107.2381, 41.0028], [-107.237, 41.0028], [-107.2368, 41.0028], [-107.2336, 41.0028], [-107.2324, 41.0028], [-107.2307, 41.0028], [-107.2266, 41.0028], [-107.2253, 41.0028], [-107.2247, 41.0028], [-107.2235, 41.0028], [-107.2225, 41.0028], [-107.2193, 41.0028], [-107.2183, 41.0028], [-107.2179, 41.0028], [-107.2169, 41.0028], [-107.2166, 41.0028], [-107.2147, 41.0028], [-107.2099, 41.0029], [-107.2091, 41.0029], [-107.2072, 41.0029], [-107.2072, 41.0029], [-107.2072, 41.0029], [-107.2072, 41.0029], [-107.2071, 41.0029], [-107.207, 41.0029], [-107.207, 41.0029], [-107.2068, 41.0029], [-107.2065, 41.0029], [-107.1999, 41.0029], [-107.195, 41.0029], [-107.1941, 41.0029], [-107.1874, 41.0029], [-107.1787, 41.0029], [-107.1716, 41.003], [-107.1716, 41.003], [-107.1714, 41.003], [-107.1713, 41.003], [-107.1712, 41.003], [-107.1701, 41.003], [-107.1661, 41.003], [-107.1642, 41.003], [-107.1504, 41.003], [-107.1455, 41.003], [-107.1453, 41.003], [-107.1452, 41.003], [-107.1452, 41.003], [-107.144, 41.003], [-107.1406, 41.003], [-107.1394, 41.003], [-107.138, 41.003], [-107.1338, 41.003], [-107.1325, 41.003], [-107.1299, 41.003], [-107.1256, 41.0031], [-107.1224, 41.0031], [-107.1221, 41.0031], [-107.1212, 41.0031], [-107.1205, 41.0031], [-107.1199, 41.0031], [-107.1195, 41.0031], [-107.1193, 41.0031], [-107.1188, 41.0031], [-107.1184, 41.0031], [-107.1184, 41.0031], [-107.118, 41.0031], [-107.1176, 41.0031], [-107.1165, 41.0031], [-107.1161, 41.0031], [-107.1142, 41.0031], [-107.1087, 41.0031], [-107.1068, 41.0031], [-107.1066, 41.0031], [-107.106, 41.0031], [-107.1059, 41.0031], [-107.1057, 41.0031], [-107.1056, 41.0031], [-107.1056, 41.0031], [-107.1056, 41.0031], [-107.1053, 41.0031], [-107.1052, 41.0031], [-107.1046, 41.0031], [-107.103, 41.0031], [-107.1025, 41.0031], [-107.1023, 41.0031], [-107.0993, 41.0032], [-107.0966, 41.0032], [-107.0965, 41.0032], [-107.0922, 41.0032], [-107.092, 41.0032], [-107.079, 41.0033], [-107.0744, 41.0033], [-107.0731, 41.0033], [-107.0726, 41.0033], [-107.0708, 41.0033], [-107.0703, 41.0033], [-107.0674, 41.0033], [-107.0652, 41.0033], [-107.0631, 41.0033], [-107.0502, 41.0033], [-107.0489, 41.0033], [-107.0473, 41.0033], [-107.0452, 41.0033], [-107.0442, 41.0033], [-107.0412, 41.0033], [-107.0402, 41.0033], [-107.0383, 41.0034], [-107.0325, 41.0034], [-107.0306, 41.0034], [-107.0306, 41.0034], [-107.0251, 41.0034], [-107.0249, 41.0034], [-107.0088, 41.0034], [-107.0034, 41.0034], [-107.0031, 41.0034], [-107.0006, 41.0034], [-106.9975, 41.0034], [-106.9907, 41.0034], [-106.98, 41.0034], [-106.9787, 41.0034], [-106.9742, 41.0034], [-106.9742, 41.0034], [-106.9666, 41.0033], [-106.9627, 41.0033], [-106.9598, 41.0033], [-106.9594, 41.0033], [-106.9576, 41.0033], [-106.9376, 41.0032], [-106.9356, 41.0032], [-106.9166, 41.0032], [-106.9078, 41.0031], [-106.9022, 41.0031], [-106.9021, 41.0031], [-106.902, 41.0031], [-106.9019, 41.0031], [-106.9018, 41.0031], [-106.9017, 41.0031], [-106.9014, 41.0031], [-106.9013, 41.0031], [-106.9013, 41.0031], [-106.8926, 41.0031], [-106.8879, 41.003], [-106.8756, 41.003], [-106.8665, 41.0028], [-106.8578, 41.0027], [-106.8558, 41.0027], [-106.8498, 41.0027], [-106.8478, 41.0027], [-106.8451, 41.0027], [-106.8371, 41.0027], [-106.8345, 41.0027], [-106.8336, 41.0027], [-106.8164, 41.0027], [-106.8147, 41.0027], [-106.8139, 41.0027], [-106.7944, 41.0027], [-106.7942, 41.0027], [-106.794, 41.0027], [-106.7933, 41.0027], [-106.7931, 41.0027], [-106.7875, 41.0027], [-106.7766, 41.0027], [-106.7705, 41.0027], [-106.7648, 41.0027], [-106.7636, 41.0027], [-106.76, 41.0027], [-106.7587, 41.0027], [-106.7584, 41.0027], [-106.7575, 41.0027], [-106.7571, 41.0027], [-106.757, 41.0027], [-106.7567, 41.0027], [-106.7566, 41.0027], [-106.7557, 41.0027], [-106.7528, 41.0027], [-106.7519, 41.0027], [-106.7506, 41.0027], [-106.7493, 41.0027], [-106.7417, 41.0027], [-106.7391, 41.0026], [-106.7385, 41.0026], [-106.7364, 41.0026], [-106.7357, 41.0026], [-106.7325, 41.0026], [-106.7229, 41.0026], [-106.7197, 41.0025], [-106.715, 41.0025], [-106.7009, 41.0025], [-106.6962, 41.0024], [-106.694, 41.0024], [-106.6875, 41.0024], [-106.6853, 41.0024], [-106.6791, 41.0024], [-106.6602, 41.0023], [-106.6539, 41.0022], [-106.6526, 41.0022], [-106.6489, 41.0022], [-106.6477, 41.0022], [-106.6447, 41.0022], [-106.6356, 41.0022], [-106.6326, 41.0021], [-106.6256, 41.0021], [-106.6249, 41.0021], [-106.6016, 41.0021], [-106.5939, 41.0021], [-106.5923, 41.0021], [-106.5875, 41.0021], [-106.586, 41.0021], [-106.5762, 41.0021], [-106.5688, 41.0021], [-106.5687, 41.0021], [-106.5319, 41.002], [-106.5263, 41.002], [-106.5198, 41.002], [-106.5006, 41.0019], [-106.5004, 41.0019], [-106.494, 41.0021], [-106.4931, 41.0021], [-106.4905, 41.0021], [-106.4896, 41.0021], [-106.4884, 41.0021], [-106.4846, 41.0021], [-106.4834, 41.0021], [-106.479, 41.0021], [-106.4557, 41.0021], [-106.4539, 41.0021], [-106.4538, 41.002], [-106.4533, 41.002], [-106.4521, 41.002], [-106.4517, 41.002], [-106.451, 41.002], [-106.4491, 41.002], [-106.4484, 41.002], [-106.4466, 41.002], [-106.4413, 41.002], [-106.4396, 41.002], [-106.4394, 41.002], [-106.4391, 41.0019], [-106.439, 41.0019], [-106.4387, 41.0019], [-106.4377, 41.0018], [-106.4374, 41.0018], [-106.4368, 41.0018], [-106.4351, 41.0018], [-106.4345, 41.0018], [-106.4339, 41.0018], [-106.4319, 41.0017], [-106.4313, 41.0017], [-106.4312, 41.0017], [-106.431, 41.0017], [-106.4309, 41.0018], [-106.4305, 41.0017], [-106.4293, 41.0017], [-106.4288, 41.0017], [-106.4111, 41.0014], [-106.4032, 41.0012], [-106.4029, 41.0012], [-106.3986, 41.0011], [-106.397, 41.0011], [-106.3919, 41.0012], [-106.3914, 41.0012], [-106.39, 41.0011], [-106.3896, 41.0011], [-106.3891, 41.0011], [-106.3876, 41.0011], [-106.3871, 41.0011], [-106.387, 41.0011], [-106.3865, 41.0011], [-106.3864, 41.0011], [-106.3835, 41.0011], [-106.3756, 41.0007], [-106.3588, 41.0001], [-106.354, 41.0], [-106.3514, 41.0], [-106.3464, 40.9996], [-106.3414, 40.9996], [-106.3382, 40.9995], [-106.3265, 40.9993], [-106.3262, 40.9993], [-106.3212, 40.9991], [-106.3166, 40.999], [-106.3142, 40.9989], [-106.303, 40.9988], [-106.2985, 40.9988], [-106.2836, 40.9986], [-106.2712, 40.9985], [-106.2619, 40.9984], [-106.2504, 40.9983], [-106.247, 40.9982], [-106.2452, 40.9982], [-106.2415, 40.9981], [-106.2403, 40.9981], [-106.2344, 40.998], [-106.2287, 40.9979], [-106.2256, 40.9979], [-106.2201, 40.9978], [-106.218, 40.9977], [-106.2151, 40.9977], [-106.2139, 40.9977], [-106.2117, 40.9977], [-106.2103, 40.9977], [-106.2091, 40.9977], [-106.2081, 40.9977], [-106.2053, 40.9977], [-106.2043, 40.9977], [-106.2041, 40.9977], [-106.2038, 40.9977], [-106.2033, 40.9976], [-106.203, 40.9976], [-106.2006, 40.9976], [-106.2003, 40.9976], [-106.1952, 40.9976], [-106.1935, 40.9976], [-106.1911, 40.9976], [-106.191, 40.9976], [-106.1907, 40.9976], [-106.1906, 40.9976], [-106.1866, 40.9976], [-106.1844, 40.9976], [-106.1842, 40.9976], [-106.184, 40.9976], [-106.1771, 40.9975], [-106.1768, 40.9975], [-106.1706, 40.9975], [-106.1639, 40.9975], [-106.1638, 40.9975], [-106.1637, 40.9975], [-106.1623, 40.9975], [-106.1619, 40.9975], [-106.1614, 40.9975], [-106.1613, 40.9975], [-106.1609, 40.9975], [-106.1608, 40.9975], [-106.1598, 40.9975], [-106.1592, 40.9975], [-106.1501, 40.9974], [-106.1386, 40.9973], [-106.1293, 40.9973], [-106.1283, 40.9973], [-106.1279, 40.9973], [-106.1255, 40.9973], [-106.1207, 40.9972], [-106.115, 40.9972], [-106.1089, 40.9972], [-106.1034, 40.9972], [-106.0887, 40.9972], [-106.0879, 40.9972], [-106.0857, 40.9972], [-106.0846, 40.9972], [-106.084, 40.9972], [-106.082, 40.9972], [-106.0814, 40.9972], [-106.0755, 40.9971], [-106.0612, 40.997], [-106.0579, 40.997], [-106.0576, 40.997], [-106.0517, 40.997], [-106.051, 40.997], [-106.0504, 40.997], [-106.0464, 40.9971], [-106.0451, 40.9971], [-106.0449, 40.9971], [-106.0442, 40.9971], [-106.044, 40.9971], [-106.0429, 40.9971], [-106.0397, 40.9971], [-106.0386, 40.9971], [-106.0371, 40.9971], [-106.0351, 40.9971], [-106.0246, 40.9972], [-106.0244, 40.9972], [-106.0225, 40.9972], [-106.0211, 40.9972], [-106.0206, 40.9972], [-106.0188, 40.9972], [-106.0183, 40.9972], [-106.0174, 40.9972], [-106.0166, 40.9972], [-106.0148, 40.9972], [-106.014, 40.9972], [-106.0139, 40.9972], [-106.0139, 40.9972], [-106.009, 40.9972], [-106.0087, 40.9972], [-106.0034, 40.9972], [-106.0006, 40.9973], [-105.9945, 40.9972], [-105.9774, 40.9972], [-105.9723, 40.9972], [-105.957, 40.9972], [-105.9518, 40.9972], [-105.9515, 40.9972], [-105.9321, 40.9971], [-105.8997, 40.9971], [-105.8995, 40.9971], [-105.899, 40.9971], [-105.899, 40.9971], [-105.8988, 40.9971], [-105.8967, 40.9971], [-105.8936, 40.9971], [-105.8777, 40.9971], [-105.8757, 40.9971], [-105.8756, 40.9971], [-105.8724, 40.997], [-105.8719, 40.997], [-105.8704, 40.997], [-105.8701, 40.997], [-105.8695, 40.997], [-105.868, 40.997], [-105.8635, 40.997], [-105.862, 40.997], [-105.8617, 40.997], [-105.8607, 40.997], [-105.8604, 40.997], [-105.857, 40.997], [-105.8468, 40.997], [-105.8458, 40.997], [-105.8434, 40.997], [-105.8426, 40.997], [-105.8402, 40.997], [-105.8395, 40.997], [-105.8371, 40.997], [-105.8302, 40.997], [-105.83, 40.997], [-105.8279, 40.997], [-105.8268, 40.997], [-105.8238, 40.997], [-105.8227, 40.997], [-105.8218, 40.997], [-105.8191, 40.997], [-105.8181, 40.997], [-105.8115, 40.997], [-105.8061, 40.997], [-105.7981, 40.997], [-105.7977, 40.997], [-105.7933, 40.997], [-105.7706, 40.9969], [-105.7701, 40.9969], [-105.766, 40.9969], [-105.7644, 40.9969], [-105.7506, 40.9969], [-105.7414, 40.9969], [-105.7299, 40.9969], [-105.7294, 40.9968], [-105.7291, 40.9969], [-105.7286, 40.9969], [-105.7281, 40.9969], [-105.7276, 40.9968], [-105.727, 40.9968], [-105.7264, 40.9968], [-105.7261, 40.9969], [-105.7257, 40.9969], [-105.7252, 40.9969], [-105.7249, 40.9969], [-105.7248, 40.9969], [-105.7247, 40.9969], [-105.7242, 40.9969], [-105.724, 40.9969], [-105.7235, 40.9969], [-105.7229, 40.9969], [-105.7221, 40.9969], [-105.7147, 40.9969], [-105.7073, 40.9969], [-105.7071, 40.9969], [-105.7044, 40.997], [-105.702, 40.997], [-105.6969, 40.997], [-105.6938, 40.997], [-105.6917, 40.997], [-105.6847, 40.997], [-105.6832, 40.997], [-105.6816, 40.9971], [-105.6792, 40.9971], [-105.6784, 40.9971], [-105.6727, 40.9971], [-105.672, 40.9971], [-105.6696, 40.9971], [-105.6688, 40.9971], [-105.6665, 40.9971], [-105.6658, 40.9971], [-105.6617, 40.9971], [-105.6495, 40.9971], [-105.6455, 40.9971], [-105.6359, 40.9971], [-105.631, 40.9971], [-105.6289, 40.9971], [-105.6285, 40.9971], [-105.6255, 40.9971], [-105.6186, 40.9972], [-105.6138, 40.9972], [-105.6137, 40.9972], [-105.6135, 40.9972], [-105.6134, 40.9972], [-105.6134, 40.9972], [-105.6134, 40.9972], [-105.6124, 40.9972], [-105.6093, 40.9972], [-105.6083, 40.9972], [-105.6076, 40.9972], [-105.6054, 40.9972], [-105.6047, 40.9972], [-105.6039, 40.9972], [-105.6014, 40.9972], [-105.6006, 40.9972], [-105.5992, 40.9972], [-105.5952, 40.9973], [-105.5939, 40.9973], [-105.5939, 40.9973], [-105.5937, 40.9973], [-105.5936, 40.9973], [-105.5928, 40.9973], [-105.5897, 40.9973], [-105.5886, 40.9973], [-105.5871, 40.9973], [-105.5827, 40.9973], [-105.5812, 40.9973], [-105.5808, 40.9973], [-105.5796, 40.9973], [-105.5792, 40.9973], [-105.5767, 40.9973], [-105.5693, 40.9973], [-105.5668, 40.9974], [-105.5651, 40.9974], [-105.5598, 40.9974], [-105.5581, 40.9974], [-105.5573, 40.9974], [-105.5543, 40.9974], [-105.5539, 40.9974], [-105.5508, 40.9974], [-105.5508, 40.9974], [-105.5507, 40.9974], [-105.5507, 40.9974], [-105.5497, 40.9974], [-105.5469, 40.9974], [-105.546, 40.9974], [-105.5441, 40.9974], [-105.5384, 40.9975], [-105.5365, 40.9975], [-105.5342, 40.9975], [-105.5273, 40.9975], [-105.525, 40.9975], [-105.5247, 40.9975], [-105.5239, 40.9975], [-105.5236, 40.9975], [-105.5206, 40.9975], [-105.5116, 40.9976], [-105.5085, 40.9976], [-105.5072, 40.9976], [-105.5033, 40.9976], [-105.502, 40.9976], [-105.5005, 40.9976], [-105.4999, 40.9976], [-105.4976, 40.9976], [-105.4962, 40.9976], [-105.4935, 40.9976], [-105.4928, 40.9976], [-105.4914, 40.9976], [-105.4898, 40.9976], [-105.4851, 40.9976], [-105.4835, 40.9976], [-105.4818, 40.9976], [-105.4783, 40.9976], [-105.4769, 40.9976], [-105.4752, 40.9977], [-105.4748, 40.9977], [-105.4735, 40.9977], [-105.4731, 40.9977], [-105.4731, 40.9977], [-105.473, 40.9977], [-105.473, 40.9977], [-105.4728, 40.9977], [-105.4724, 40.9977], [-105.4722, 40.9977], [-105.4715, 40.9977], [-105.4693, 40.9977], [-105.4685, 40.9977], [-105.4677, 40.9977], [-105.4652, 40.9977], [-105.4644, 40.9977], [-105.4638, 40.9977], [-105.4621, 40.9977], [-105.4615, 40.9977], [-105.4591, 40.9977], [-105.452, 40.9977], [-105.4496, 40.9977], [-105.4494, 40.9977], [-105.4492, 40.9977], [-105.448, 40.9977], [-105.4477, 40.9977], [-105.4468, 40.9977], [-105.4444, 40.9977], [-105.4436, 40.9977], [-105.4433, 40.9977], [-105.4424, 40.9978], [-105.4421, 40.9978], [-105.4407, 40.9978], [-105.4366, 40.9977], [-105.4352, 40.9977], [-105.4339, 40.9978], [-105.4326, 40.9978], [-105.4299, 40.9978], [-105.4286, 40.9978], [-105.4156, 40.9978], [-105.4147, 40.9978], [-105.4145, 40.9978], [-105.4137, 40.9978], [-105.4128, 40.9978], [-105.4127, 40.9978], [-105.4004, 40.9978], [-105.3967, 40.9978], [-105.3934, 40.9978], [-105.3927, 40.9978], [-105.3856, 40.9979], [-105.3823, 40.9979], [-105.3819, 40.9979], [-105.381, 40.9979], [-105.3781, 40.9979], [-105.3771, 40.9979], [-105.3759, 40.9979], [-105.3755, 40.9979], [-105.3723, 40.9979], [-105.3711, 40.9979], [-105.3636, 40.9979], [-105.3443, 40.9979], [-105.3414, 40.998], [-105.3235, 40.998], [-105.3213, 40.998], [-105.3149, 40.9981], [-105.3128, 40.9981], [-105.3114, 40.9981], [-105.3072, 40.9981], [-105.3058, 40.9981], [-105.3032, 40.9981], [-105.2953, 40.9981], [-105.2927, 40.9981], [-105.2917, 40.9981], [-105.2889, 40.9981], [-105.288, 40.9981], [-105.2863, 40.9982], [-105.2811, 40.9982], [-105.2794, 40.9982], [-105.2789, 40.9982], [-105.2776, 40.9982], [-105.2771, 40.9982], [-105.2771, 40.9982], [-105.2769, 40.9982], [-105.2769, 40.9982], [-105.2756, 40.9982], [-105.2753, 40.9981], [-105.2749, 40.9981], [-105.2712, 40.9982], [-105.2702, 40.9982], [-105.2697, 40.9982], [-105.2695, 40.9982], [-105.267, 40.9982], [-105.2565, 40.9982], [-105.2548, 40.9982], [-105.2548, 40.9982], [-105.2539, 40.9982], [-105.2512, 40.9982], [-105.2505, 40.9983], [-105.2505, 40.9984], [-105.2504, 40.9984], [-105.2502, 40.9984], [-105.2491, 40.9984], [-105.2488, 40.9984], [-105.2484, 40.9984], [-105.2426, 40.9984], [-105.241, 40.9984], [-105.2374, 40.9984], [-105.2315, 40.9984], [-105.2266, 40.9984], [-105.2265, 40.9984], [-105.2258, 40.9984], [-105.2234, 40.9984], [-105.2226, 40.9984], [-105.2143, 40.9984], [-105.2112, 40.9984], [-105.2104, 40.9984], [-105.2103, 40.9984], [-105.2103, 40.9984], [-105.2101, 40.9984], [-105.2101, 40.9984], [-105.2064, 40.9984], [-105.1953, 40.9984], [-105.1916, 40.9984], [-105.1825, 40.9983], [-105.18, 40.9983], [-105.1792, 40.9983], [-105.1767, 40.9983], [-105.1759, 40.9983], [-105.174, 40.9983], [-105.1737, 40.9983], [-105.1729, 40.9983], [-105.1711, 40.9983], [-105.1642, 40.9983], [-105.1619, 40.9983], [-105.1607, 40.9983], [-105.1606, 40.9983], [-105.1592, 40.9983], [-105.1589, 40.9983], [-105.1571, 40.9983], [-105.1551, 40.9982], [-105.1549, 40.9982], [-105.1535, 40.9982], [-105.146, 40.9983], [-105.1409, 40.9983], [-105.1405, 40.9983], [-105.14, 40.9983], [-105.1374, 40.9983], [-105.1366, 40.9983], [-105.1351, 40.9983], [-105.1308, 40.9983], [-105.1294, 40.9983], [-105.1255, 40.9983], [-105.1253, 40.9983], [-105.1132, 40.9983], [-105.1091, 40.9983], [-105.1029, 40.9983], [-105.0842, 40.9983], [-105.077, 40.9983], [-105.0761, 40.9983], [-105.0758, 40.9983], [-105.0754, 40.9983], [-105.0751, 40.9983], [-105.0749, 40.9983], [-105.0748, 40.9983], [-105.0719, 40.9983], [-105.0685, 40.9983], [-105.0665, 40.9983], [-105.0634, 40.9983], [-105.0527, 40.9983], [-105.0477, 40.9983], [-105.0417, 40.9983], [-105.0399, 40.9983], [-105.0344, 40.9983], [-105.0326, 40.9983], [-105.0263, 40.9983], [-105.0248, 40.9983], [-105.0225, 40.9983], [-105.0182, 40.9983], [-105.0134, 40.9983], [-105.0071, 40.9983], [-105.0005, 40.9983], [-104.9884, 40.9983], [-104.9821, 40.9982], [-104.9783, 40.9982], [-104.9667, 40.9982], [-104.9629, 40.9982], [-104.9626, 40.9982], [-104.9626, 40.9982], [-104.9619, 40.9982], [-104.9616, 40.9982], [-104.9615, 40.9982], [-104.9614, 40.9982], [-104.9609, 40.9982], [-104.9607, 40.9982], [-104.9579, 40.9982], [-104.9577, 40.9982], [-104.9575, 40.9983], [-104.9572, 40.9983], [-104.9569, 40.9983], [-104.9567, 40.9982], [-104.9567, 40.9982], [-104.9511, 40.9982], [-104.9434, 40.9982], [-104.9428, 40.9982], [-104.9409, 40.9982], [-104.9403, 40.9982], [-104.9399, 40.9982], [-104.9388, 40.9982], [-104.9384, 40.9982], [-104.9367, 40.9982], [-104.9323, 40.9982], [-104.9234, 40.9982], [-104.9202, 40.9982], [-104.9183, 40.9982], [-104.9138, 40.9982], [-104.9094, 40.9982], [-104.9077, 40.9982], [-104.9076, 40.9982], [-104.9069, 40.9982], [-104.9066, 40.9982], [-104.9065, 40.9982], [-104.9064, 40.9982], [-104.9063, 40.9982], [-104.9055, 40.9982], [-104.9047, 40.9982], [-104.8993, 40.9982], [-104.8991, 40.9982], [-104.896, 40.9982], [-104.8858, 40.9982], [-104.8825, 40.9982], [-104.88, 40.9982], [-104.8755, 40.9983], [-104.8725, 40.9983], [-104.8701, 40.9983], [-104.8699, 40.9983], [-104.8694, 40.9983], [-104.8694, 40.9983], [-104.8692, 40.9983], [-104.869, 40.9983], [-104.8681, 40.9983], [-104.8679, 40.9983], [-104.8667, 40.9982], [-104.8665, 40.9982], [-104.8632, 40.9982], [-104.862, 40.9982], [-104.861, 40.9981], [-104.8567, 40.9981], [-104.8553, 40.998], [-104.8408, 40.9988], [-104.8387, 40.9989], [-104.8358, 40.9989], [-104.8356, 40.9989], [-104.8351, 40.9989], [-104.8348, 40.9989], [-104.8302, 40.999], [-104.8243, 40.9991], [-104.8183, 40.9992], [-104.8163, 40.9993], [-104.8149, 40.9993], [-104.8097, 40.9994], [-104.7979, 40.9995], [-104.7788, 40.9998], [-104.7739, 40.9998], [-104.773, 40.9998], [-104.7729, 40.9998], [-104.7718, 40.9998], [-104.7713, 40.9999], [-104.771, 40.9999], [-104.769, 40.9999], [-104.762, 41.0], [-104.7612, 41.0], [-104.7597, 41.0], [-104.7592, 41.0], [-104.7577, 41.0], [-104.7572, 41.0], [-104.7558, 41.0], [-104.7518, 41.0], [-104.7505, 41.0], [-104.7477, 41.0], [-104.7394, 41.0002], [-104.7366, 41.0002], [-104.7333, 41.0003], [-104.7233, 41.0004], [-104.72, 41.0004], [-104.7168, 41.0005], [-104.707, 41.0006], [-104.7037, 41.0006], [-104.7018, 41.0006], [-104.6961, 41.0007], [-104.6942, 41.0007], [-104.6913, 41.0008], [-104.6829, 41.0009], [-104.68, 41.0009], [-104.6796, 41.0009], [-104.6792, 41.0009], [-104.6768, 41.0009], [-104.676, 41.001], [-104.6737, 41.001], [-104.6667, 41.001], [-104.6643, 41.0011], [-104.6566, 41.0011], [-104.6509, 41.0012], [-104.6333, 41.0014], [-104.6255, 41.0014], [-104.6255, 41.0014], [-104.625, 41.0014], [-104.6236, 41.0014], [-104.6231, 41.0014], [-104.6224, 41.0014], [-104.6185, 41.0014], [-104.6047, 41.0015], [-104.6001, 41.0015], [-104.6, 41.0015], [-104.5996, 41.0015], [-104.5995, 41.0015], [-104.5951, 41.0015], [-104.587, 41.0015], [-104.582, 41.0015], [-104.5776, 41.0016], [-104.5707, 41.0016], [-104.5503, 41.0015], [-104.5501, 41.0015], [-104.5436, 41.0016], [-104.5433, 41.0016], [-104.5402, 41.0016], [-104.5326, 41.0016], [-104.5308, 41.0016], [-104.5277, 41.0016], [-104.525, 41.0016], [-104.5244, 41.0016], [-104.5236, 41.0016], [-104.5227, 41.0016], [-104.5221, 41.0016], [-104.5213, 41.0016], [-104.5205, 41.0016], [-104.5192, 41.0017], [-104.517, 41.0017], [-104.5146, 41.0017], [-104.5118, 41.0017], [-104.5094, 41.0017], [-104.5077, 41.0017], [-104.5057, 41.0017], [-104.5037, 41.0017], [-104.5029, 41.0017], [-104.5023, 41.0017], [-104.5008, 41.0017], [-104.5005, 41.0017], [-104.5002, 41.0017], [-104.4995, 41.0017], [-104.4977, 41.0017], [-104.4976, 41.0017], [-104.4975, 41.0017], [-104.4974, 41.0017], [-104.4971, 41.0017], [-104.4971, 41.0017], [-104.4962, 41.0017], [-104.4946, 41.0017], [-104.4938, 41.0017], [-104.4929, 41.0017], [-104.4922, 41.0017], [-104.4913, 41.0017], [-104.4901, 41.0017], [-104.4894, 41.0017], [-104.4889, 41.0017], [-104.4884, 41.0017], [-104.488, 41.0017], [-104.4875, 41.0017], [-104.4875, 41.0017], [-104.4872, 41.0017], [-104.4735, 41.0015], [-104.4677, 41.0015], [-104.4647, 41.0015], [-104.4558, 41.0015], [-104.4529, 41.0015], [-104.4519, 41.0015], [-104.4488, 41.0015], [-104.4478, 41.0015], [-104.4424, 41.0015], [-104.426, 41.0015], [-104.4206, 41.0015], [-104.4196, 41.0015], [-104.3905, 41.0015], [-104.3905, 41.0015], [-104.3755, 41.0015], [-104.3755, 41.0015], [-104.3747, 41.0015], [-104.3721, 41.0015], [-104.3713, 41.0015], [-104.3681, 41.0015], [-104.3588, 41.0015], [-104.3558, 41.0015], [-104.3557, 41.0015], [-104.3557, 41.0015], [-104.3533, 41.0015], [-104.3461, 41.0015], [-104.3436, 41.0018], [-104.3424, 41.0016], [-104.3384, 41.0016], [-104.3371, 41.0017], [-104.337, 41.0017], [-104.337, 41.0017], [-104.3147, 41.0016], [-104.3146, 41.0016], [-104.2964, 41.0017], [-104.2958, 41.0017], [-104.2956, 41.0017], [-104.2954, 41.0017], [-104.2943, 41.0017], [-104.2769, 41.0017], [-104.2576, 41.0017], [-104.2575, 41.0017], [-104.2505, 41.0017], [-104.2505, 41.0016], [-104.2491, 41.0016], [-104.2451, 41.0016], [-104.2437, 41.0016], [-104.2427, 41.0016], [-104.2397, 41.0016], [-104.2386, 41.0016], [-104.2375, 41.0016], [-104.2342, 41.0016], [-104.2331, 41.0016], [-104.2233, 41.0016], [-104.2166, 41.0017], [-104.2165, 41.0017], [-104.216, 41.0016], [-104.2159, 41.0016], [-104.2153, 41.0016], [-104.2143, 41.0016], [-104.2125, 41.0016], [-104.2124, 41.0016], [-104.2122, 41.0016], [-104.2121, 41.0016], [-104.2114, 41.0016], [-104.2074, 41.0016], [-104.1972, 41.0017], [-104.1952, 41.0017], [-104.1912, 41.0017], [-104.1893, 41.0017], [-104.1836, 41.0017], [-104.1817, 41.0017], [-104.18, 41.0017], [-104.1751, 41.0018], [-104.1734, 41.0018], [-104.1713, 41.0017], [-104.1647, 41.0016], [-104.1626, 41.0016], [-104.1587, 41.0016], [-104.147, 41.0016], [-104.1431, 41.0016], [-104.1396, 41.0017], [-104.129, 41.0017], [-104.1255, 41.0017], [-104.1255, 41.0017], [-104.1255, 41.0016], [-104.1255, 41.0016], [-104.1252, 41.0016], [-104.1242, 41.0016], [-104.1238, 41.0016], [-104.12, 41.0016], [-104.1084, 41.0016], [-104.1046, 41.0015], [-104.1009, 41.0015], [-104.0898, 41.0016], [-104.0889, 41.0016], [-104.067, 41.0018], [-104.067, 41.0016], [-104.0541, 41.0016], [-104.0532, 41.0014], [-104.0515, 41.0015], [-104.0497, 41.0015], [-104.0443, 41.0015], [-104.041, 41.0015], [-104.0392, 41.0015], [-104.0234, 41.0019], [-104.0183, 41.0016], [-104.0182, 41.0016], [-104.011, 41.0017], [-104.0005, 41.0018], [-104.0005, 41.0018], [-103.993, 41.0018], [-103.9879, 41.0017], [-103.9726, 41.0017], [-103.9722, 41.0017], [-103.9719, 41.0016], [-103.9716, 41.0016], [-103.9715, 41.0015], [-103.9715, 41.0015], [-103.9714, 41.0015], [-103.9713, 41.0015], [-103.9535, 41.0017], [-103.9533, 41.0017], [-103.9528, 41.0016], [-103.9525, 41.0016], [-103.9524, 41.0016], [-103.9524, 41.0016], [-103.9524, 41.0016], [-103.9522, 41.0017], [-103.9521, 41.0017], [-103.9521, 41.0017], [-103.9506, 41.0017], [-103.9464, 41.0017], [-103.9422, 41.0017], [-103.9379, 41.0017], [-103.9368, 41.0017], [-103.9348, 41.0017], [-103.9348, 41.0017], [-103.9337, 41.0017], [-103.9332, 41.0017], [-103.9329, 41.0017], [-103.9327, 41.0018], [-103.932, 41.0018], [-103.9308, 41.0018], [-103.9308, 41.0018], [-103.9289, 41.0018], [-103.9245, 41.0018], [-103.9202, 41.0017], [-103.9165, 41.0017], [-103.9148, 41.0017], [-103.9143, 41.0017], [-103.9139, 41.0017], [-103.9139, 41.0017], [-103.9121, 41.0016], [-103.9085, 41.0017], [-103.9073, 41.0017], [-103.904, 41.0017], [-103.9, 41.0017], [-103.8976, 41.0017], [-103.8976, 41.0017], [-103.8973, 41.0017], [-103.8967, 41.0017], [-103.8965, 41.0017], [-103.8964, 41.0018], [-103.8963, 41.0019], [-103.8963, 41.0019], [-103.8962, 41.0018], [-103.8962, 41.0018], [-103.8961, 41.0018], [-103.896, 41.0018], [-103.896, 41.0017], [-103.8958, 41.0017], [-103.8956, 41.0017], [-103.8884, 41.0017], [-103.8883, 41.0017], [-103.8862, 41.0017], [-103.8862, 41.0017], [-103.8783, 41.0017], [-103.8781, 41.0017], [-103.8779, 41.0017], [-103.8777, 41.0017], [-103.877, 41.0017], [-103.875, 41.0017], [-103.8742, 41.0017], [-103.8594, 41.0017], [-103.859, 41.0018], [-103.8584, 41.0017], [-103.8427, 41.0017], [-103.8115, 41.0017], [-103.7961, 41.0018], [-103.7884, 41.0016], [-103.7843, 41.0016], [-103.7833, 41.0016], [-103.7832, 41.0016], [-103.7703, 41.0015], [-103.7633, 41.0015], [-103.7596, 41.0015], [-103.7494, 41.0016], [-103.7422, 41.0016], [-103.734, 41.0016], [-103.7322, 41.0016], [-103.7312, 41.0016], [-103.7296, 41.0016], [-103.7282, 41.0016], [-103.7279, 41.0016], [-103.7262, 41.0016], [-103.723, 41.0016], [-103.7154, 41.0017], [-103.7137, 41.0017], [-103.7118, 41.0017], [-103.7106, 41.0017], [-103.7103, 41.0017], [-103.7101, 41.0017], [-103.7067, 41.0017], [-103.7029, 41.0017], [-103.7009, 41.0017], [-103.6985, 41.0017], [-103.6962, 41.0018], [-103.6946, 41.0018], [-103.6925, 41.0018], [-103.6911, 41.0018], [-103.6899, 41.0018], [-103.6891, 41.0018], [-103.688, 41.0018], [-103.6877, 41.0018], [-103.6858, 41.0017], [-103.6834, 41.0017], [-103.6798, 41.0016], [-103.6765, 41.0016], [-103.6738, 41.0015], [-103.6724, 41.0015], [-103.6701, 41.0015], [-103.6691, 41.0014], [-103.6662, 41.0015], [-103.6619, 41.0015], [-103.6577, 41.0015], [-103.6573, 41.0015], [-103.6514, 41.0015], [-103.6498, 41.0015], [-103.6492, 41.0016], [-103.6492, 41.0016], [-103.6488, 41.0016], [-103.6465, 41.0016], [-103.6462, 41.0016], [-103.6459, 41.0016], [-103.6452, 41.0016], [-103.6407, 41.0016], [-103.6392, 41.0016], [-103.6363, 41.0016], [-103.6255, 41.0015], [-103.6202, 41.0017], [-103.6183, 41.0017], [-103.6153, 41.0017], [-103.5951, 41.0017], [-103.595, 41.0017], [-103.5927, 41.0017], [-103.5916, 41.0017], [-103.5798, 41.0017], [-103.5796, 41.0017], [-103.5795, 41.0017], [-103.5794, 41.0017], [-103.5794, 41.0017], [-103.5793, 41.0017], [-103.5791, 41.0017], [-103.5771, 41.0017], [-103.5766, 41.0017], [-103.5766, 41.0017], [-103.5738, 41.0017], [-103.571, 41.0017], [-103.5603, 41.0016], [-103.5568, 41.0016], [-103.5552, 41.0016], [-103.5504, 41.0015], [-103.5488, 41.0015], [-103.5479, 41.0015], [-103.5452, 41.0015], [-103.5443, 41.0015], [-103.544, 41.0015], [-103.5435, 41.0015], [-103.5425, 41.0015], [-103.5411, 41.0015], [-103.5403, 41.0015], [-103.54, 41.0015], [-103.5391, 41.0015], [-103.5388, 41.0014], [-103.5381, 41.0014], [-103.5361, 41.0014], [-103.5354, 41.0014], [-103.5353, 41.0014], [-103.535, 41.0014], [-103.535, 41.0014], [-103.5349, 41.0014], [-103.5332, 41.0014], [-103.5282, 41.0015], [-103.5265, 41.0015], [-103.5255, 41.0015], [-103.5005, 41.0017], [-103.4975, 41.0016], [-103.4974, 41.0016], [-103.4961, 41.0018], [-103.4959, 41.0019], [-103.4867, 41.0019], [-103.4698, 41.0019], [-103.4685, 41.0019], [-103.4647, 41.0018], [-103.4634, 41.0018], [-103.4631, 41.0018], [-103.4619, 41.0018], [-103.4615, 41.0018], [-103.4609, 41.0018], [-103.4591, 41.0018], [-103.4584, 41.0018], [-103.458, 41.0018], [-103.4565, 41.0018], [-103.4561, 41.0018], [-103.4556, 41.0018], [-103.4544, 41.0018], [-103.4496, 41.0018], [-103.4479, 41.0018], [-103.4478, 41.0018], [-103.4474, 41.0018], [-103.4474, 41.0018], [-103.4473, 41.0018], [-103.4436, 41.0018], [-103.4418, 41.0018], [-103.4324, 41.0019], [-103.4287, 41.002], [-103.4273, 41.002], [-103.4233, 41.002], [-103.422, 41.002], [-103.422, 41.002], [-103.4219, 41.002], [-103.4219, 41.002], [-103.4207, 41.002], [-103.4169, 41.0019], [-103.4157, 41.0019], [-103.4152, 41.0019], [-103.4138, 41.0019], [-103.4134, 41.0019], [-103.4121, 41.002], [-103.408, 41.0021], [-103.4067, 41.0022], [-103.4047, 41.0022], [-103.4044, 41.0022], [-103.3989, 41.0025], [-103.397, 41.0026], [-103.3969, 41.0026], [-103.3941, 41.0025], [-103.3854, 41.0023], [-103.3825, 41.0023], [-103.3814, 41.0023], [-103.3755, 41.0023], [-103.3653, 41.0018], [-103.363, 41.0018], [-103.3537, 41.0018], [-103.3455, 41.0018], [-103.3341, 41.0018], [-103.3239, 41.0018], [-103.3154, 41.0019], [-103.3062, 41.0019], [-103.2972, 41.002], [-103.287, 41.002], [-103.2807, 41.002], [-103.2769, 41.002], [-103.2683, 41.0021], [-103.2505, 41.0018], [-103.2492, 41.0022], [-103.249, 41.0022], [-103.246, 41.0021], [-103.2418, 41.0022], [-103.2363, 41.002], [-103.2301, 41.0022], [-103.2299, 41.0022], [-103.2194, 41.002], [-103.2107, 41.0022], [-103.2007, 41.0022], [-103.1918, 41.0021], [-103.1911, 41.0021], [-103.1797, 41.0021], [-103.1726, 41.0022], [-103.1724, 41.0022], [-103.1653, 41.0021], [-103.1618, 41.0022], [-103.1534, 41.0022], [-103.1436, 41.0023], [-103.1372, 41.0022], [-103.137, 41.0022], [-103.1332, 41.0022], [-103.1306, 41.0022], [-103.13, 41.0022], [-103.1255, 41.0022], [-103.115, 41.0023], [-103.097, 41.0023], [-103.0911, 41.0023], [-103.0908, 41.0023], [-103.0903, 41.0023], [-103.0866, 41.0023], [-103.0778, 41.0023], [-103.0777, 41.0023], [-103.0775, 41.0022], [-103.077, 41.0022], [-103.0768, 41.0022], [-103.0596, 41.0024], [-103.0596, 41.0023], [-103.0595, 41.0023], [-103.0593, 41.0023], [-103.0585, 41.0023], [-103.045, 41.0023], [-103.0448, 41.0023], [-103.0434, 41.0023], [-103.0406, 41.0023], [-103.0387, 41.0023], [-103.0214, 41.0024], [-103.0195, 41.0024], [-103.0021, 41.0025], [-103.002, 41.0024], [-103.0019, 41.0023], [-103.0018, 41.0023], [-103.0017, 41.0023], [-103.0016, 41.0023], [-103.0012, 41.0023], [-103.0011, 41.0023], [-103.001, 41.0023], [-102.9827, 41.0023], [-102.9826, 41.0023], [-102.9821, 41.0022], [-102.9818, 41.0022], [-102.9817, 41.0022], [-102.9816, 41.0021], [-102.9816, 41.0021], [-102.9815, 41.0021], [-102.9815, 41.0021], [-102.9657, 41.0022], [-102.9637, 41.0022], [-102.9627, 41.0021], [-102.9625, 41.0021], [-102.9607, 41.0022], [-102.9606, 41.0022], [-102.9596, 41.0022], [-102.9594, 41.0022], [-102.9551, 41.0022], [-102.9448, 41.0023], [-102.9446, 41.0023], [-102.9445, 41.0023], [-102.9436, 41.0023], [-102.9433, 41.0022], [-102.9432, 41.0022], [-102.9432, 41.0022], [-102.9432, 41.0021], [-102.9432, 41.0021], [-102.9432, 41.002], [-102.9286, 41.0022], [-102.9284, 41.0022], [-102.9256, 41.0023], [-102.9253, 41.0023], [-102.9251, 41.0023], [-102.9246, 41.0023], [-102.9244, 41.0023], [-102.9243, 41.0023], [-102.924, 41.0023], [-102.924, 41.0021], [-102.9064, 41.0023], [-102.9062, 41.0023], [-102.9061, 41.0023], [-102.9052, 41.0023], [-102.905, 41.0023], [-102.9049, 41.0022], [-102.9049, 41.0022], [-102.9049, 41.0022], [-102.9049, 41.0022], [-102.8873, 41.0023], [-102.8871, 41.0023], [-102.8865, 41.0023], [-102.8861, 41.0024], [-102.8858, 41.0024], [-102.8857, 41.0023], [-102.8857, 41.0023], [-102.8856, 41.0022], [-102.8856, 41.0021], [-102.8756, 41.0023], [-102.8681, 41.0023], [-102.868, 41.0023], [-102.8669, 41.0023], [-102.8661, 41.0023], [-102.8659, 41.0023], [-102.8659, 41.0023], [-102.8658, 41.0022], [-102.8658, 41.0021], [-102.8658, 41.002], [-102.861, 41.0021], [-102.8607, 41.0021], [-102.8515, 41.0023], [-102.8493, 41.0023], [-102.8465, 41.0024], [-102.8465, 41.0024], [-102.8464, 41.0023], [-102.8438, 41.0023], [-102.8437, 41.0023], [-102.8303, 41.0023], [-102.8298, 41.0023], [-102.8291, 41.0023], [-102.8276, 41.0023], [-102.8275, 41.0023], [-102.8274, 41.0022], [-102.8273, 41.0022], [-102.8272, 41.0021], [-102.7928, 41.0023], [-102.7736, 41.0024], [-102.7735, 41.0024], [-102.7726, 41.0024], [-102.7716, 41.0024], [-102.7698, 41.0024], [-102.7689, 41.0024], [-102.7688, 41.0024], [-102.7679, 41.0024], [-102.7674, 41.0024], [-102.7673, 41.0024], [-102.7671, 41.0024], [-102.767, 41.0025], [-102.7668, 41.0024], [-102.7667, 41.0023], [-102.7666, 41.0023], [-102.7546, 41.0024], [-102.7476, 41.0023], [-102.7473, 41.0022], [-102.7466, 41.0022], [-102.7465, 41.0022], [-102.7462, 41.0023], [-102.7443, 41.0023], [-102.7435, 41.0023], [-102.7434, 41.0023], [-102.7432, 41.0022], [-102.7431, 41.0022], [-102.7425, 41.0022], [-102.7423, 41.0022], [-102.7422, 41.0022], [-102.7357, 41.0022], [-102.7348, 41.0022], [-102.7348, 41.0022], [-102.7297, 41.0022], [-102.7149, 41.0022], [-102.7125, 41.0022], [-102.7124, 41.0022], [-102.7087, 41.0022], [-102.7087, 41.0022], [-102.7061, 41.0022], [-102.7055, 41.0022], [-102.6924, 41.0023], [-102.6923, 41.0023], [-102.6879, 41.0023], [-102.6877, 41.0023], [-102.6709, 41.0023], [-102.6707, 41.0023], [-102.6649, 41.0023], [-102.6598, 41.0023], [-102.6595, 41.0023], [-102.6535, 41.0023], [-102.6497, 41.0023], [-102.6367, 41.0023], [-102.6255, 41.0024], [-102.621, 41.0026], [-102.6205, 41.0026], [-102.6069, 41.0025], [-102.5983, 41.0024], [-102.5821, 41.0023], [-102.5814, 41.0023], [-102.5787, 41.0023], [-102.5757, 41.0023], [-102.5755, 41.0022], [-102.5666, 41.0024], [-102.566, 41.0024], [-102.5644, 41.0024], [-102.5643, 41.0024], [-102.5635, 41.0024], [-102.5623, 41.0024], [-102.5588, 41.0024], [-102.5575, 41.0024], [-102.5571, 41.0024], [-102.5569, 41.0023], [-102.5568, 41.0022], [-102.5567, 41.0022], [-102.5437, 41.0022], [-102.5426, 41.0022], [-102.5279, 41.0023], [-102.5177, 41.0023], [-102.5172, 41.0023], [-102.5104, 41.0023], [-102.5029, 41.0023], [-102.5005, 41.0023], [-102.489, 41.0024], [-102.4888, 41.0024], [-102.4882, 41.0024], [-102.4881, 41.0024], [-102.487, 41.0024], [-102.4855, 41.0024], [-102.482, 41.0024], [-102.4793, 41.0024], [-102.4789, 41.0024], [-102.4779, 41.0024], [-102.4772, 41.0024], [-102.4768, 41.0024], [-102.4765, 41.0024], [-102.4735, 41.0024], [-102.4722, 41.0025], [-102.4718, 41.0025], [-102.4716, 41.0025], [-102.471, 41.0025], [-102.4709, 41.0025], [-102.4701, 41.0024], [-102.4694, 41.0024], [-102.4692, 41.0024], [-102.4684, 41.0024], [-102.464, 41.0024], [-102.4603, 41.0024], [-102.4596, 41.0024], [-102.4306, 41.0024], [-102.4305, 41.0024], [-102.4304, 41.0024], [-102.43, 41.0024], [-102.4117, 41.0024], [-102.4088, 41.0024], [-102.4086, 41.0024], [-102.4036, 41.0024], [-102.4026, 41.0024], [-102.3963, 41.0024], [-102.3957, 41.0024], [-102.3949, 41.0024], [-102.39, 41.0024], [-102.3898, 41.0024], [-102.3856, 41.0024], [-102.3838, 41.0024], [-102.3835, 41.0024], [-102.3834, 41.0024], [-102.3832, 41.0024], [-102.3802, 41.0024], [-102.3797, 41.0024], [-102.3796, 41.0024], [-102.3791, 41.0024], [-102.3763, 41.0024], [-102.3753, 41.0024], [-102.3707, 41.0024], [-102.3691, 41.0024], [-102.3641, 41.0024], [-102.3633, 41.0024], [-102.3607, 41.0024], [-102.3553, 41.0023], [-102.3449, 41.0022], [-102.3361, 41.0022], [-102.3359, 41.0022], [-102.3327, 41.0022], [-102.319, 41.0022], [-102.2931, 41.0022], [-102.2931, 41.0022], [-102.2928, 41.0022], [-102.2928, 41.0022], [-102.2926, 41.0022], [-102.2926, 41.0022], [-102.2925, 41.0022], [-102.2924, 41.0022], [-102.2914, 41.0022], [-102.2882, 41.0023], [-102.2875, 41.0023], [-102.2779, 41.0023], [-102.2752, 41.0023], [-102.2722, 41.0022], [-102.2721, 41.0022], [-102.2715, 41.0023], [-102.268, 41.0024], [-102.268, 41.0024], [-102.268, 41.0024], [-102.2679, 41.0024], [-102.2675, 41.0024], [-102.2672, 41.0024], [-102.2659, 41.0024], [-102.2598, 41.0024], [-102.2598, 41.0024], [-102.2596, 41.0024], [-102.2581, 41.0024], [-102.2576, 41.0024], [-102.2564, 41.0024], [-102.2538, 41.0024], [-102.2487, 41.0024], [-102.2486, 41.0024], [-102.2479, 41.0024], [-102.247, 41.0024], [-102.2407, 41.0023], [-102.2402, 41.0023], [-102.2399, 41.0023], [-102.2395, 41.0023], [-102.2371, 41.0023], [-102.2334, 41.0023], [-102.233, 41.0024], [-102.2323, 41.0023], [-102.2321, 41.0023], [-102.2316, 41.0023], [-102.2311, 41.0023], [-102.229, 41.0023], [-102.229, 41.0023], [-102.2245, 41.0023], [-102.2244, 41.0023], [-102.2122, 41.0025], [-102.21, 41.0024], [-102.2094, 41.0024], [-102.2092, 41.0024], [-102.2091, 41.0024], [-102.2078, 41.0024], [-102.1974, 41.0023], [-102.195, 41.0023], [-102.1916, 41.0023], [-102.1915, 41.0023], [-102.1914, 41.0023], [-102.1913, 41.0023], [-102.1912, 41.0023], [-102.191, 41.0023], [-102.1904, 41.0023], [-102.1901, 41.0023], [-102.1899, 41.0023], [-102.1893, 41.0023], [-102.1891, 41.0024], [-102.189, 41.0024], [-102.1887, 41.0025], [-102.1836, 41.0024], [-102.1834, 41.0024], [-102.1832, 41.0024], [-102.1831, 41.0024], [-102.1827, 41.0024], [-102.1794, 41.0024], [-102.1792, 41.0024], [-102.1786, 41.0024], [-102.1777, 41.0024], [-102.1773, 41.0024], [-102.171, 41.0024], [-102.1705, 41.0024], [-102.1643, 41.0024], [-102.1641, 41.0024], [-102.1637, 41.0024], [-102.1546, 41.0024], [-102.1529, 41.0024], [-102.1476, 41.0025], [-102.1474, 41.0025], [-102.1391, 41.0025], [-102.1375, 41.0025], [-102.1358, 41.0025], [-102.1329, 41.0025], [-102.1286, 41.0025], [-102.1284, 41.0025], [-102.1279, 41.0025], [-102.1251, 41.0025], [-102.1249, 41.0025], [-102.1247, 41.0025], [-102.122, 41.0023], [-102.1191, 41.0024], [-102.1081, 41.0024], [-102.1063, 41.0024], [-102.1018, 41.0024], [-102.0988, 41.0024], [-102.0942, 41.0024], [-102.0939, 41.0024], [-102.0892, 41.0024], [-102.0754, 41.0024], [-102.0706, 41.0024], [-102.0703, 41.0024], [-102.0687, 41.0024], [-102.0656, 41.0024], [-102.0653, 41.0024], [-102.0632, 41.0024], [-102.0596, 41.0024], [-102.0558, 41.0024], [-102.0557, 41.0024], [-102.0525, 41.0024], [-102.0521, 41.0024], [-102.0517, 41.0024], [-102.0517, 41.0023], [-102.0517, 41.0023], [-102.0517, 41.0018], [-102.0516, 41.0009], [-102.0516, 41.0009], [-102.0516, 41.0007], [-102.0516, 41.0], [-102.0516, 40.9999], [-102.0516, 40.9991], [-102.0516, 40.998], [-102.0516, 40.9967], [-102.0516, 40.9959], [-102.0516, 40.9957], [-102.0516, 40.9943], [-102.0516, 40.992], [-102.0516, 40.9919], [-102.0516, 40.9904], [-102.0516, 40.9892], [-102.0516, 40.9889], [-102.0516, 40.9888], [-102.0516, 40.9886], [-102.0516, 40.9884], [-102.0516, 40.9881], [-102.0516, 40.9868], [-102.0516, 40.9852], [-102.0516, 40.9839], [-102.0516, 40.9834], [-102.0516, 40.9822], [-102.0516, 40.979], [-102.0515, 40.9767], [-102.0516, 40.9747], [-102.0516, 40.9743], [-102.0516, 40.9742], [-102.0516, 40.971], [-102.0516, 40.9693], [-102.0516, 40.9693], [-102.0516, 40.9691], [-102.0516, 40.9681], [-102.0516, 40.967], [-102.0516, 40.9662], [-102.0515, 40.9647], [-102.0516, 40.9633], [-102.0515, 40.9605], [-102.0516, 40.9598], [-102.0516, 40.9596], [-102.0516, 40.9561], [-102.0516, 40.9547], [-102.0516, 40.9547], [-102.0516, 40.953], [-102.0516, 40.9523], [-102.0516, 40.951], [-102.0516, 40.9505], [-102.0516, 40.95], [-102.0516, 40.9491], [-102.0516, 40.949], [-102.0516, 40.9488], [-102.0516, 40.9485], [-102.0516, 40.9481], [-102.0516, 40.9478], [-102.0516, 40.9471], [-102.0516, 40.9465], [-102.0516, 40.9459], [-102.0516, 40.9451], [-102.0516, 40.9451], [-102.0516, 40.9444], [-102.0516, 40.9433], [-102.0516, 40.9431], [-102.0516, 40.9421], [-102.0516, 40.9414], [-102.0516, 40.9412], [-102.0516, 40.9406], [-102.0516, 40.9401], [-102.0515, 40.9379], [-102.0515, 40.9334], [-102.0515, 40.9333], [-102.0515, 40.9327], [-102.0516, 40.9311], [-102.0516, 40.9306], [-102.0516, 40.9306], [-102.0516, 40.9295], [-102.0516, 40.9289], [-102.0515, 40.9273], [-102.0515, 40.9256], [-102.0515, 40.9255], [-102.0516, 40.9245], [-102.0515, 40.9238], [-102.0515, 40.9234], [-102.0515, 40.923], [-102.0515, 40.9224], [-102.0515, 40.9205], [-102.0515, 40.9204], [-102.0515, 40.9201], [-102.0516, 40.9181], [-102.0516, 40.917], [-102.0516, 40.9162], [-102.0516, 40.916], [-102.0515, 40.9136], [-102.0515, 40.9098], [-102.0515, 40.9063], [-102.0515, 40.9037], [-102.0515, 40.9037], [-102.0515, 40.9016], [-102.0515, 40.9015], [-102.0515, 40.9009], [-102.0515, 40.9003], [-102.0515, 40.9002], [-102.0515, 40.899], [-102.0515, 40.8966], [-102.0515, 40.8965], [-102.0515, 40.8965], [-102.0515, 40.8953], [-102.0515, 40.8942], [-102.0515, 40.8937], [-102.0515, 40.8935], [-102.0515, 40.8934], [-102.0515, 40.8923], [-102.0515, 40.8918], [-102.0515, 40.8915], [-102.0515, 40.8898], [-102.0515, 40.8892], [-102.0515, 40.889], [-102.0515, 40.8876], [-102.0515, 40.887], [-102.0515, 40.886], [-102.0515, 40.8855], [-102.0515, 40.885], [-102.0515, 40.8845], [-102.0515, 40.8838], [-102.0515, 40.8831], [-102.0515, 40.8824], [-102.0515, 40.8824], [-102.0515, 40.8814], [-102.0515, 40.8814], [-102.0515, 40.8806], [-102.0515, 40.88], [-102.0515, 40.879], [-102.0515, 40.8782], [-102.0515, 40.8775], [-102.0515, 40.875], [-102.0515, 40.8727], [-102.0515, 40.8724], [-102.0515, 40.8714], [-102.0515, 40.8709], [-102.0515, 40.8702], [-102.0515, 40.8679], [-102.0515, 40.8678], [-102.0515, 40.867], [-102.0515, 40.8669], [-102.0515, 40.8668], [-102.0515, 40.8641], [-102.0515, 40.8626], [-102.0515, 40.8619], [-102.0515, 40.8594], [-102.0515, 40.8594], [-102.0515, 40.8593], [-102.0515, 40.858], [-102.0515, 40.8578], [-102.0515, 40.8539], [-102.0515, 40.8522], [-102.0515, 40.8521], [-102.0515, 40.8507], [-102.0515, 40.848], [-102.0515, 40.8466], [-102.0515, 40.8438], [-102.0515, 40.8417], [-102.0515, 40.8403], [-102.0515, 40.8396], [-102.0515, 40.8387], [-102.0515, 40.838], [-102.0515, 40.837], [-102.0515, 40.8366], [-102.0515, 40.8365], [-102.0515, 40.8358], [-102.0515, 40.8338], [-102.0515, 40.8327], [-102.0515, 40.832], [-102.0515, 40.8313], [-102.0515, 40.8312], [-102.0515, 40.83], [-102.0515, 40.8292], [-102.0515, 40.829], [-102.0515, 40.8288], [-102.0515, 40.8283], [-102.0515, 40.8275], [-102.0515, 40.8267], [-102.0515, 40.8267], [-102.0515, 40.8259], [-102.0515, 40.8239], [-102.0515, 40.8232], [-102.0515, 40.8229], [-102.0515, 40.8228], [-102.0515, 40.8221], [-102.0515, 40.8214], [-102.0515, 40.8204], [-102.0515, 40.8193], [-102.0515, 40.818], [-102.0515, 40.8164], [-102.0514, 40.8155], [-102.0514, 40.8152], [-102.0514, 40.8146], [-102.0515, 40.8143], [-102.0515, 40.8127], [-102.0514, 40.8107], [-102.0514, 40.8089], [-102.0514, 40.8083], [-102.0514, 40.8059], [-102.0515, 40.8041], [-102.0515, 40.8022], [-102.0514, 40.8], [-102.0514, 40.7998], [-102.0514, 40.7998], [-102.0514, 40.7967], [-102.0515, 40.7955], [-102.0514, 40.7936], [-102.0515, 40.7924], [-102.0514, 40.7908], [-102.0515, 40.7894], [-102.0515, 40.7861], [-102.0515, 40.7852], [-102.0515, 40.7852], [-102.0515, 40.7851], [-102.0514, 40.7842], [-102.0514, 40.7834], [-102.0514, 40.782], [-102.0514, 40.7804], [-102.0514, 40.7802], [-102.0514, 40.7791], [-102.0514, 40.779], [-102.0514, 40.779], [-102.0514, 40.7781], [-102.0514, 40.7774], [-102.0514, 40.7757], [-102.0514, 40.7726], [-102.0514, 40.771], [-102.0514, 40.7706], [-102.0514, 40.7693], [-102.0514, 40.7677], [-102.0514, 40.7664], [-102.0514, 40.766], [-102.0514, 40.7647], [-102.0514, 40.7644], [-102.0514, 40.7644], [-102.0514, 40.7638], [-102.0514, 40.7637], [-102.0514, 40.7621], [-102.0514, 40.761], [-102.0514, 40.759], [-102.0514, 40.759], [-102.0514, 40.7588], [-102.0514, 40.7585], [-102.0514, 40.7585], [-102.0514, 40.7584], [-102.0514, 40.7582], [-102.0514, 40.7579], [-102.0514, 40.7579], [-102.0514, 40.7566], [-102.0514, 40.7559], [-102.0514, 40.7556], [-102.0514, 40.7521], [-102.0514, 40.7506], [-102.0514, 40.7496], [-102.0514, 40.7467], [-102.0514, 40.7467], [-102.0514, 40.7467], [-102.0514, 40.7466], [-102.0514, 40.7465], [-102.0514, 40.7465], [-102.0514, 40.7464], [-102.0514, 40.7464], [-102.0514, 40.7463], [-102.0514, 40.7456], [-102.0514, 40.7453], [-102.0514, 40.7453], [-102.0514, 40.7453], [-102.0514, 40.7453], [-102.0514, 40.7453], [-102.0514, 40.7452], [-102.0514, 40.7452], [-102.0514, 40.7452], [-102.0514, 40.7428], [-102.0514, 40.7397], [-102.0514, 40.7369], [-102.0514, 40.7339], [-102.0514, 40.7307], [-102.0514, 40.7266], [-102.0514, 40.7238], [-102.0514, 40.7205], [-102.0514, 40.7205], [-102.0514, 40.7203], [-102.0514, 40.7193], [-102.0514, 40.7192], [-102.0514, 40.7192], [-102.0514, 40.7181], [-102.0514, 40.7181], [-102.0514, 40.7174], [-102.0514, 40.7168], [-102.0514, 40.7168], [-102.0514, 40.7167], [-102.0514, 40.7166], [-102.0514, 40.7165], [-102.0514, 40.7165], [-102.0514, 40.7165], [-102.0514, 40.7165], [-102.0515, 40.7144], [-102.0515, 40.7117], [-102.0515, 40.7115], [-102.0515, 40.7095], [-102.0515, 40.7093], [-102.0515, 40.7063], [-102.0515, 40.7062], [-102.0515, 40.7059], [-102.0515, 40.705], [-102.0515, 40.7049], [-102.0515, 40.7049], [-102.0515, 40.7048], [-102.0515, 40.7048], [-102.0515, 40.7036], [-102.0515, 40.7015], [-102.0515, 40.7014], [-102.0515, 40.7012], [-102.0515, 40.7011], [-102.0515, 40.7006], [-102.0514, 40.6998], [-102.0515, 40.6989], [-102.0515, 40.6975], [-102.0515, 40.697], [-102.0515, 40.6961], [-102.0515, 40.6958], [-102.0515, 40.6956], [-102.0515, 40.6925], [-102.0515, 40.6916], [-102.0515, 40.6906], [-102.0515, 40.6887], [-102.0515, 40.6879], [-102.0515, 40.6871], [-102.0515, 40.6866], [-102.0515, 40.6864], [-102.0515, 40.6854], [-102.0515, 40.6847], [-102.0515, 40.6839], [-102.0515, 40.6833], [-102.0515, 40.6831], [-102.0515, 40.683], [-102.0515, 40.6807], [-102.0515, 40.68], [-102.0515, 40.6784], [-102.0514, 40.6777], [-102.0515, 40.6765], [-102.0515, 40.6745], [-102.0515, 40.6738], [-102.0515, 40.6733], [-102.0514, 40.6728], [-102.0515, 40.6723], [-102.0515, 40.6721], [-102.0515, 40.6721], [-102.0514, 40.6716], [-102.0515, 40.6699], [-102.0515, 40.6685], [-102.0515, 40.6685], [-102.0515, 40.6675], [-102.0515, 40.6659], [-102.0515, 40.665], [-102.0515, 40.6634], [-102.0515, 40.6626], [-102.0515, 40.662], [-102.0515, 40.6619], [-102.0515, 40.6611], [-102.0515, 40.6605], [-102.0515, 40.6599], [-102.0515, 40.6592], [-102.0515, 40.6576], [-102.0515, 40.6573], [-102.0515, 40.6558], [-102.0515, 40.654], [-102.0515, 40.654], [-102.0515, 40.6532], [-102.0515, 40.6512], [-102.0515, 40.6512], [-102.0515, 40.6511], [-102.0515, 40.6509], [-102.0515, 40.6505], [-102.0515, 40.6503], [-102.0515, 40.649], [-102.0515, 40.6467], [-102.0515, 40.6464], [-102.0515, 40.6464], [-102.0515, 40.6462], [-102.0515, 40.6452], [-102.0515, 40.6444], [-102.0515, 40.6437], [-102.0515, 40.6431], [-102.0515, 40.6426], [-102.0515, 40.6416], [-102.0515, 40.6407], [-102.0515, 40.6398], [-102.0515, 40.6396], [-102.0515, 40.6395], [-102.0515, 40.6381], [-102.0515, 40.6375], [-102.0515, 40.6367], [-102.0515, 40.6357], [-102.0515, 40.6349], [-102.0515, 40.6333], [-102.0515, 40.6327], [-102.0515, 40.6322], [-102.0515, 40.6317], [-102.0515, 40.6314], [-102.0515, 40.6309], [-102.0515, 40.6285], [-102.0515, 40.6285], [-102.0515, 40.6284], [-102.0515, 40.6284], [-102.0515, 40.6283], [-102.0515, 40.6282], [-102.0515, 40.6278], [-102.0515, 40.6271], [-102.0515, 40.6264], [-102.0515, 40.6258], [-102.0515, 40.6256], [-102.0515, 40.6254], [-102.0515, 40.625], [-102.0515, 40.625], [-102.0515, 40.6243], [-102.0515, 40.6237], [-102.0515, 40.6228], [-102.0515, 40.6209], [-102.0515, 40.6208], [-102.0515, 40.6199], [-102.0515, 40.618], [-102.0515, 40.6173], [-102.0515, 40.6168], [-102.0515, 40.6162], [-102.0515, 40.614], [-102.0515, 40.6134], [-102.0515, 40.6133], [-102.0515, 40.6125], [-102.0515, 40.6116], [-102.0515, 40.6105], [-102.0515, 40.6104], [-102.0515, 40.6098], [-102.0515, 40.6082], [-102.0515, 40.6067], [-102.0515, 40.6057], [-102.0515, 40.6042], [-102.0515, 40.6025], [-102.0515, 40.6008], [-102.0515, 40.6], [-102.0515, 40.599], [-102.0515, 40.5972], [-102.0515, 40.5937], [-102.0515, 40.593], [-102.0515, 40.5928], [-102.0515, 40.5919], [-102.0515, 40.5901], [-102.0515, 40.5894], [-102.0515, 40.5893], [-102.0515, 40.5884], [-102.0515, 40.5866], [-102.0515, 40.5831], [-102.0515, 40.5822], [-102.0515, 40.5819], [-102.0515, 40.5814], [-102.0515, 40.5797], [-102.0515, 40.5781], [-102.0515, 40.578], [-102.0515, 40.5779], [-102.0515, 40.5764], [-102.0515, 40.5746], [-102.0515, 40.5729], [-102.0515, 40.5712], [-102.0515, 40.5709], [-102.0515, 40.5709], [-102.0515, 40.5694], [-102.0515, 40.5681], [-102.0515, 40.5672], [-102.0515, 40.5671], [-102.0515, 40.5669], [-102.0515, 40.5669], [-102.0515, 40.5665], [-102.0515, 40.566], [-102.0515, 40.564], [-102.0515, 40.5638], [-102.0515, 40.5637], [-102.0515, 40.563], [-102.0515, 40.559], [-102.0515, 40.5582], [-102.0515, 40.5573], [-102.0515, 40.5566], [-102.0515, 40.5565], [-102.0515, 40.5565], [-102.0515, 40.5565], [-102.0515, 40.5562], [-102.0515, 40.5545], [-102.0515, 40.5537], [-102.0515, 40.5528], [-102.0515, 40.5526], [-102.0515, 40.5525], [-102.0515, 40.552], [-102.0515, 40.5511], [-102.0515, 40.5502], [-102.0515, 40.55], [-102.0515, 40.5493], [-102.0515, 40.5484], [-102.0515, 40.5475], [-102.0515, 40.5456], [-102.0515, 40.5447], [-102.0515, 40.5438], [-102.0515, 40.5429], [-102.0515, 40.5419], [-102.0515, 40.5417], [-102.0515, 40.541], [-102.0515, 40.5392], [-102.0516, 40.5383], [-102.0516, 40.538], [-102.0516, 40.5378], [-102.0516, 40.5377], [-102.0516, 40.5374], [-102.0515, 40.5369], [-102.0515, 40.5364], [-102.0515, 40.5359], [-102.0515, 40.5355], [-102.0515, 40.5349], [-102.0515, 40.5346], [-102.0515, 40.5339], [-102.0515, 40.5332], [-102.0515, 40.532], [-102.0515, 40.5315], [-102.0515, 40.5311], [-102.0515, 40.5289], [-102.0515, 40.5282], [-102.0515, 40.5279], [-102.0515, 40.5278], [-102.0515, 40.5277], [-102.0515, 40.5272], [-102.0515, 40.5257], [-102.0515, 40.5242], [-102.0515, 40.5237], [-102.0515, 40.5236], [-102.0515, 40.5234], [-102.0515, 40.5232], [-102.0515, 40.5227], [-102.0515, 40.5217], [-102.0515, 40.5201], [-102.0515, 40.52], [-102.0515, 40.52], [-102.0516, 40.5], [-102.0513, 40.4885], [-102.0513, 40.488], [-102.0513, 40.487], [-102.0513, 40.4868], [-102.0513, 40.4866], [-102.0513, 40.4865], [-102.0513, 40.4863], [-102.0513, 40.4863], [-102.0513, 40.4839], [-102.0514, 40.4814], [-102.0514, 40.4813], [-102.0515, 40.4655], [-102.0515, 40.455], [-102.0515, 40.4548], [-102.0515, 40.4536], [-102.0515, 40.4534], [-102.0515, 40.453], [-102.0515, 40.4499], [-102.0515, 40.4428], [-102.0515, 40.44], [-102.0515, 40.4184], [-102.0515, 40.4184], [-102.0515, 40.4182], [-102.0516, 40.4111], [-102.0516, 40.411], [-102.0516, 40.411], [-102.0516, 40.411], [-102.0516, 40.4109], [-102.0515, 40.3974], [-102.0515, 40.3966], [-102.0515, 40.3949], [-102.0515, 40.3944], [-102.0515, 40.3939], [-102.0515, 40.3938], [-102.0515, 40.3937], [-102.0515, 40.3937], [-102.0515, 40.3937], [-102.0515, 40.3931], [-102.0515, 40.3931], [-102.0515, 40.3931], [-102.0514, 40.393], [-102.0516, 40.3751], [-102.0516, 40.375], [-102.0518, 40.3601], [-102.0518, 40.36], [-102.0516, 40.3492], [-102.0513, 40.3384], [-102.0514, 40.3225], [-102.0514, 40.3224], [-102.0514, 40.3222], [-102.0514, 40.3222], [-102.0514, 40.3127], [-102.0514, 40.3122], [-102.0514, 40.3102], [-102.0515, 40.3005], [-102.0515, 40.2985], [-102.0515, 40.298], [-102.0516, 40.2821], [-102.0516, 40.2806], [-102.0516, 40.267], [-102.0516, 40.2659], [-102.0516, 40.2649], [-102.0516, 40.264], [-102.0517, 40.2595], [-102.0517, 40.2536], [-102.0517, 40.25], [-102.0517, 40.2426], [-102.0515, 40.2353], [-102.0515, 40.2349], [-102.0516, 40.2335], [-102.0516, 40.2329], [-102.0516, 40.2324], [-102.0516, 40.231], [-102.0516, 40.2303], [-102.0515, 40.2294], [-102.0515, 40.2292], [-102.0516, 40.2285], [-102.0516, 40.2279], [-102.0518, 40.2274], [-102.0516, 40.2258], [-102.0516, 40.224], [-102.0516, 40.2233], [-102.0518, 40.2186], [-102.0519, 40.2174], [-102.0519, 40.2152], [-102.0518, 40.2143], [-102.0518, 40.2138], [-102.0518, 40.2133], [-102.0517, 40.2126], [-102.0519, 40.2089], [-102.0519, 40.2087], [-102.0519, 40.2057], [-102.052, 40.2015], [-102.052, 40.2014], [-102.0518, 40.1916], [-102.0518, 40.1915], [-102.0518, 40.1914], [-102.0518, 40.1911], [-102.0519, 40.1854], [-102.0519, 40.1846], [-102.0518, 40.1826], [-102.0518, 40.1826], [-102.0517, 40.1789], [-102.0517, 40.1747], [-102.0517, 40.1746], [-102.0519, 40.1626], [-102.0518, 40.1624], [-102.0517, 40.1623], [-102.0517, 40.1622], [-102.0517, 40.1622], [-102.0518, 40.1606], [-102.0518, 40.1605], [-102.0518, 40.1594], [-102.0518, 40.1591], [-102.0517, 40.1576], [-102.0517, 40.1561], [-102.0517, 40.1544], [-102.0517, 40.1531], [-102.0517, 40.1494], [-102.0518, 40.1487], [-102.0518, 40.1486], [-102.0519, 40.1485], [-102.0519, 40.1484], [-102.052, 40.1483], [-102.052, 40.1482], [-102.0519, 40.1344], [-102.0519, 40.1343], [-102.0519, 40.1342], [-102.0519, 40.1342], [-102.0519, 40.1341], [-102.0518, 40.125], [-102.0518, 40.1122], [-102.0518, 40.1121], [-102.0518, 40.1117], [-102.0519, 40.0885], [-102.0518, 40.0702], [-102.0518, 40.0701], [-102.0518, 40.0699], [-102.0518, 40.0697], [-102.0518, 40.0696], [-102.0518, 40.0695], [-102.0518, 40.0691], [-102.0518, 40.069], [-102.0518, 40.0688], [-102.0518, 40.0688], [-102.0518, 40.0685], [-102.0518, 40.0669], [-102.0518, 40.0657], [-102.0518, 40.0656], [-102.0518, 40.0649], [-102.0518, 40.0648], [-102.0518, 40.0645], [-102.0518, 40.0617], [-102.0518, 40.0613], [-102.0518, 40.0612], [-102.0518, 40.0611], [-102.0518, 40.0607], [-102.0518, 40.0396], [-102.0518, 40.0395], [-102.0518, 40.0376], [-102.0518, 40.0264], [-102.0518, 40.0153], [-102.0518, 40.0149], [-102.0518, 40.0147], [-102.0518, 40.0144], [-102.0518, 40.0141], [-102.0518, 40.0141], [-102.0518, 40.014], [-102.0518, 40.014], [-102.0517, 40.0031], [-102.0517, 40.0006], [-102.0518, 40.0002], [-102.0518, 40.0], [-102.0518, 39.9987], [-102.0518, 39.996], [-102.0517, 39.9854], [-102.0517, 39.9854], [-102.0517, 39.9852], [-102.0517, 39.9849], [-102.0518, 39.9849], [-102.0518, 39.9849], [-102.0517, 39.9788], [-102.0517, 39.9783], [-102.0517, 39.9783], [-102.0517, 39.9782], [-102.0517, 39.9782], [-102.0517, 39.9736], [-102.0517, 39.9734], [-102.0517, 39.9613], [-102.0517, 39.9611], [-102.0516, 39.9549], [-102.0516, 39.9524], [-102.0516, 39.951], [-102.0516, 39.951], [-102.0516, 39.9509], [-102.0516, 39.9479], [-102.0516, 39.9439], [-102.0516, 39.9438], [-102.0515, 39.9248], [-102.0515, 39.9247], [-102.0515, 39.9244], [-102.0515, 39.9242], [-102.0515, 39.9202], [-102.0515, 39.9125], [-102.0515, 39.9125], [-102.0515, 39.9081], [-102.0515, 39.9072], [-102.0515, 39.9053], [-102.0514, 39.8936], [-102.0514, 39.8884], [-102.0514, 39.8882], [-102.0514, 39.8881], [-102.0514, 39.877], [-102.0514, 39.8766], [-102.0514, 39.875], [-102.0514, 39.871], [-102.0515, 39.8619], [-102.0515, 39.8595], [-102.0515, 39.8575], [-102.0515, 39.8575], [-102.0516, 39.8498], [-102.0517, 39.8477], [-102.0517, 39.8477], [-102.0516, 39.8477], [-102.0515, 39.8475], [-102.0515, 39.8453], [-102.0515, 39.8453], [-102.0515, 39.8451], [-102.0515, 39.8451], [-102.0515, 39.8451], [-102.0515, 39.845], [-102.0515, 39.845], [-102.0514, 39.844], [-102.0514, 39.8439], [-102.0514, 39.8435], [-102.0514, 39.8435], [-102.0514, 39.8435], [-102.0514, 39.8434], [-102.0513, 39.8333], [-102.0513, 39.8288], [-102.0513, 39.8252], [-102.0513, 39.819], [-102.0513, 39.819], [-102.0512, 39.8047], [-102.0511, 39.7903], [-102.0511, 39.7902], [-102.051, 39.7648], [-102.051, 39.7616], [-102.051, 39.7616], [-102.051, 39.751], [-102.051, 39.7509], [-102.051, 39.75], [-102.0509, 39.7418], [-102.0507, 39.7232], [-102.0506, 39.7191], [-102.0507, 39.7075], [-102.0507, 39.6969], [-102.0507, 39.6911], [-102.0507, 39.6908], [-102.0506, 39.6766], [-102.0506, 39.6764], [-102.0506, 39.6756], [-102.0506, 39.6755], [-102.0506, 39.6747], [-102.0505, 39.6707], [-102.0505, 39.6611], [-102.0505, 39.6609], [-102.0505, 39.6609], [-102.0505, 39.6608], [-102.0503, 39.6572], [-102.0502, 39.6556], [-102.0502, 39.6552], [-102.0501, 39.6548], [-102.0501, 39.6543], [-102.0501, 39.6541], [-102.0501, 39.654], [-102.0501, 39.6538], [-102.0501, 39.6535], [-102.0501, 39.6533], [-102.0502, 39.6508], [-102.0502, 39.6497], [-102.0502, 39.6463], [-102.0503, 39.6462], [-102.0504, 39.646], [-102.0504, 39.6459], [-102.0504, 39.6459], [-102.0503, 39.641], [-102.0503, 39.6335], [-102.0503, 39.6254], [-102.0503, 39.625], [-102.0503, 39.6207], [-102.0503, 39.6158], [-102.0502, 39.6112], [-102.0502, 39.611], [-102.0502, 39.6061], [-102.05, 39.5938], [-102.05, 39.593], [-102.05, 39.5926], [-102.05, 39.5923], [-102.0499, 39.5905], [-102.0498, 39.5741], [-102.0498, 39.5682], [-102.0498, 39.5624], [-102.0496, 39.549], [-102.0496, 39.5389], [-102.0496, 39.5389], [-102.0497, 39.5388], [-102.0496, 39.5369], [-102.0496, 39.5367], [-102.0496, 39.5367], [-102.0497, 39.5366], [-102.0497, 39.5366], [-102.0496, 39.5218], [-102.0496, 39.5062], [-102.0496, 39.5061], [-102.0496, 39.5058], [-102.0498, 39.5003], [-102.0498, 39.5003], [-102.0498, 39.5002], [-102.0498, 39.5002], [-102.0497, 39.5001], [-102.0497, 39.5], [-102.0497, 39.4957], [-102.0497, 39.4956], [-102.0495, 39.4871], [-102.0495, 39.4851], [-102.0495, 39.485], [-102.0494, 39.4808], [-102.0494, 39.4808], [-102.0494, 39.4788], [-102.0493, 39.4715], [-102.0494, 39.4714], [-102.0494, 39.4714], [-102.0494, 39.4713], [-102.0496, 39.4713], [-102.0496, 39.4713], [-102.0496, 39.467], [-102.0494, 39.4665], [-102.0495, 39.4653], [-102.0495, 39.4432], [-102.0494, 39.4233], [-102.0494, 39.4183], [-102.0494, 39.4183], [-102.0492, 39.4183], [-102.0492, 39.4183], [-102.0492, 39.4183], [-102.0491, 39.4182], [-102.0491, 39.4181], [-102.0491, 39.4097], [-102.0491, 39.4085], [-102.0491, 39.4084], [-102.049, 39.4038], [-102.049, 39.4037], [-102.0491, 39.4035], [-102.0491, 39.4035], [-102.0492, 39.4035], [-102.0492, 39.3941], [-102.0492, 39.3756], [-102.0492, 39.375], [-102.0491, 39.3742], [-102.0491, 39.3741], [-102.0491, 39.374], [-102.049, 39.3734], [-102.049, 39.3731], [-102.049, 39.3653], [-102.049, 39.3653], [-102.049, 39.3644], [-102.049, 39.364], [-102.049, 39.364], [-102.049, 39.3639], [-102.049, 39.3631], [-102.049, 39.3628], [-102.0489, 39.3598], [-102.0489, 39.3598], [-102.0489, 39.3557], [-102.0489, 39.3517], [-102.0489, 39.3516], [-102.0489, 39.351], [-102.0488, 39.3509], [-102.0488, 39.3509], [-102.0488, 39.3508], [-102.0489, 39.3508], [-102.0489, 39.3507], [-102.0488, 39.3477], [-102.0488, 39.3454], [-102.0488, 39.3399], [-102.0488, 39.3395], [-102.0488, 39.3392], [-102.0488, 39.3381], [-102.0488, 39.3366], [-102.0488, 39.3364], [-102.0487, 39.3357], [-102.0487, 39.3342], [-102.0487, 39.3331], [-102.0487, 39.3327], [-102.0487, 39.3325], [-102.0487, 39.3325], [-102.0487, 39.3324], [-102.0487, 39.3324], [-102.0487, 39.3324], [-102.0487, 39.3323], [-102.0487, 39.3321], [-102.0487, 39.332], [-102.0487, 39.3319], [-102.0487, 39.3318], [-102.0487, 39.3317], [-102.0487, 39.3315], [-102.0487, 39.3313], [-102.0487, 39.3298], [-102.0487, 39.3296], [-102.0487, 39.3295], [-102.0487, 39.3279], [-102.0487, 39.3278], [-102.0487, 39.327], [-102.0486, 39.3235], [-102.0486, 39.323], [-102.0486, 39.3223], [-102.0486, 39.321], [-102.0486, 39.3204], [-102.0486, 39.3173], [-102.0486, 39.3172], [-102.0486, 39.3169], [-102.0486, 39.3156], [-102.0486, 39.3152], [-102.0486, 39.3142], [-102.0486, 39.3125], [-102.0486, 39.3117], [-102.0486, 39.3106], [-102.0485, 39.3093], [-102.0486, 39.3075], [-102.0486, 39.3074], [-102.0486, 39.3071], [-102.0486, 39.3068], [-102.0485, 39.3057], [-102.0485, 39.3029], [-102.0482, 39.2741], [-102.0479, 39.2531], [-102.0481, 39.25], [-102.048, 39.243], [-102.0478, 39.2346], [-102.0478, 39.2341], [-102.0478, 39.2203], [-102.0477, 39.2147], [-102.0476, 39.1987], [-102.0473, 39.1483], [-102.0473, 39.1481], [-102.0473, 39.1477], [-102.0473, 39.1439], [-102.0472, 39.1394], [-102.0473, 39.137], [-102.0472, 39.1369], [-102.0472, 39.1331], [-102.0471, 39.1297], [-102.0471, 39.125], [-102.047, 39.1212], [-102.0469, 39.107], [-102.0469, 39.1042], [-102.0469, 39.1039], [-102.0467, 39.0756], [-102.0467, 39.0614], [-102.0466, 39.0602], [-102.0466, 39.047], [-102.0465, 39.0422], [-102.0465, 39.041], [-102.0465, 39.0328], [-102.0464, 39.018], [-102.0464, 39.017], [-102.0463, 39.0], [-102.046, 38.9818], [-102.046, 38.9744], [-102.046, 38.9732], [-102.0459, 38.9387], [-102.0458, 38.9172], [-102.0456, 38.8863], [-102.0455, 38.875], [-102.0456, 38.8733], [-102.0456, 38.873], [-102.0456, 38.8708], [-102.0456, 38.8706], [-102.0456, 38.8706], [-102.0454, 38.8582], [-102.0454, 38.8581], [-102.0454, 38.8576], [-102.0454, 38.8569], [-102.0454, 38.8428], [-102.0454, 38.8308], [-102.0454, 38.8307], [-102.0454, 38.8291], [-102.0454, 38.8287], [-102.0454, 38.826], [-102.0454, 38.826], [-102.0455, 38.8137], [-102.0454, 38.8134], [-102.0454, 38.8129], [-102.0454, 38.8128], [-102.0454, 38.8128], [-102.0454, 38.8127], [-102.0453, 38.7995], [-102.0453, 38.799], [-102.0453, 38.799], [-102.0454, 38.7834], [-102.0454, 38.7758], [-102.0454, 38.7701], [-102.0453, 38.7555], [-102.0453, 38.7555], [-102.0453, 38.7553], [-102.0454, 38.7543], [-102.0453, 38.75], [-102.0454, 38.7422], [-102.0453, 38.7263], [-102.0453, 38.7262], [-102.0453, 38.7188], [-102.0452, 38.7045], [-102.0452, 38.7045], [-102.0452, 38.6976], [-102.0452, 38.6887], [-102.0452, 38.6886], [-102.0451, 38.6867], [-102.0452, 38.6832], [-102.0452, 38.6752], [-102.0451, 38.6749], [-102.0451, 38.6704], [-102.0451, 38.6696], [-102.0451, 38.6696], [-102.0451, 38.6653], [-102.0451, 38.6639], [-102.0451, 38.6639], [-102.0451, 38.6638], [-102.0452, 38.6606], [-102.0452, 38.6606], [-102.0452, 38.6605], [-102.0452, 38.6605], [-102.0452, 38.6604], [-102.0452, 38.6601], [-102.0452, 38.6597], [-102.0452, 38.6586], [-102.0452, 38.6586], [-102.0452, 38.6585], [-102.0451, 38.6585], [-102.0451, 38.6571], [-102.0451, 38.6546], [-102.0451, 38.6543], [-102.0451, 38.6543], [-102.0451, 38.6518], [-102.0451, 38.6392], [-102.0451, 38.6357], [-102.0451, 38.6341], [-102.0451, 38.6334], [-102.0451, 38.6297], [-102.0451, 38.6297], [-102.0451, 38.6293], [-102.045, 38.6258], [-102.045, 38.6256], [-102.045, 38.6255], [-102.045, 38.6255], [-102.045, 38.6255], [-102.045, 38.6254], [-102.045, 38.625], [-102.0448, 38.6153], [-102.0451, 38.6152], [-102.0451, 38.6146], [-102.0451, 38.611], [-102.0451, 38.6094], [-102.0451, 38.6025], [-102.0451, 38.6021], [-102.0452, 38.6017], [-102.0452, 38.6007], [-102.0452, 38.5993], [-102.0452, 38.5975], [-102.0452, 38.5959], [-102.0452, 38.594], [-102.0453, 38.5916], [-102.0452, 38.59], [-102.0452, 38.5893], [-102.0453, 38.5887], [-102.0452, 38.5887], [-102.0452, 38.5884], [-102.0452, 38.5883], [-102.0451, 38.5883], [-102.0451, 38.5875], [-102.0451, 38.5864], [-102.0451, 38.586], [-102.0452, 38.5771], [-102.045, 38.5676], [-102.045, 38.5673], [-102.045, 38.5671], [-102.0449, 38.567], [-102.0449, 38.5667], [-102.0449, 38.5664], [-102.0449, 38.5654], [-102.0449, 38.564], [-102.0449, 38.5625], [-102.0449, 38.5606], [-102.0449, 38.56], [-102.0449, 38.5587], [-102.0449, 38.5343], [-102.0449, 38.5293], [-102.0449, 38.5292], [-102.0449, 38.5287], [-102.045, 38.5265], [-102.045, 38.525], [-102.045, 38.5239], [-102.045, 38.5238], [-102.045, 38.5238], [-102.045, 38.5227], [-102.045, 38.521], [-102.045, 38.5193], [-102.045, 38.518], [-102.045, 38.5144], [-102.045, 38.5137], [-102.045, 38.5119], [-102.045, 38.5102], [-102.045, 38.5091], [-102.045, 38.5062], [-102.045, 38.5058], [-102.045, 38.5054], [-102.045, 38.5041], [-102.045, 38.503], [-102.045, 38.5006], [-102.045, 38.5002], [-102.045, 38.4999], [-102.045, 38.4961], [-102.045, 38.4945], [-102.045, 38.4943], [-102.045, 38.4933], [-102.045, 38.492], [-102.045, 38.4915], [-102.045, 38.4915], [-102.045, 38.4914], [-102.045, 38.4914], [-102.045, 38.491], [-102.045, 38.4904], [-102.045, 38.4891], [-102.045, 38.4875], [-102.045, 38.4857], [-102.045, 38.4857], [-102.045, 38.4848], [-102.045, 38.4723], [-102.045, 38.4722], [-102.045, 38.4704], [-102.045, 38.4687], [-102.045, 38.4686], [-102.045, 38.4685], [-102.045, 38.4682], [-102.045, 38.4638], [-102.045, 38.4629], [-102.045, 38.4619], [-102.045, 38.4619], [-102.045, 38.4617], [-102.045, 38.4609], [-102.0451, 38.4608], [-102.045, 38.4574], [-102.045, 38.4573], [-102.045, 38.4573], [-102.045, 38.4573], [-102.045, 38.4573], [-102.045, 38.4536], [-102.045, 38.4536], [-102.0449, 38.4514], [-102.0448, 38.4486], [-102.0448, 38.4481], [-102.0448, 38.4471], [-102.0448, 38.4451], [-102.0448, 38.4432], [-102.0448, 38.4425], [-102.0447, 38.4413], [-102.0447, 38.4406], [-102.0447, 38.4395], [-102.0448, 38.439], [-102.0448, 38.4366], [-102.0448, 38.4366], [-102.045, 38.428], [-102.045, 38.4221], [-102.0449, 38.421], [-102.0449, 38.4209], [-102.0449, 38.4208], [-102.0449, 38.4207], [-102.0448, 38.4206], [-102.0448, 38.4205], [-102.0448, 38.4204], [-102.0448, 38.42], [-102.0448, 38.4197], [-102.0448, 38.4043], [-102.0448, 38.4041], [-102.0448, 38.4039], [-102.0449, 38.4023], [-102.0449, 38.3989], [-102.0449, 38.3988], [-102.0449, 38.3975], [-102.0449, 38.3961], [-102.0449, 38.3949], [-102.0449, 38.3938], [-102.0449, 38.3933], [-102.0449, 38.3933], [-102.0449, 38.3932], [-102.0449, 38.3932], [-102.0449, 38.393], [-102.0448, 38.3928], [-102.0448, 38.3928], [-102.0448, 38.392], [-102.0448, 38.3846], [-102.0448, 38.3845], [-102.0449, 38.3845], [-102.0449, 38.3844], [-102.0449, 38.3844], [-102.0449, 38.3844], [-102.0447, 38.3562], [-102.0447, 38.3555], [-102.0446, 38.3549], [-102.0445, 38.3495], [-102.0445, 38.3494], [-102.0445, 38.3492], [-102.0446, 38.3123], [-102.0446, 38.3119], [-102.0446, 38.3118], [-102.0446, 38.3118], [-102.0445, 38.3117], [-102.0445, 38.3117], [-102.0445, 38.3112], [-102.0445, 38.3093], [-102.0445, 38.3067], [-102.0445, 38.3063], [-102.0445, 38.3063], [-102.0445, 38.3062], [-102.0444, 38.3062], [-102.0444, 38.3062], [-102.0444, 38.3061], [-102.0444, 38.3061], [-102.0445, 38.3057], [-102.0445, 38.3046], [-102.0444, 38.3044], [-102.0445, 38.3023], [-102.0445, 38.2984], [-102.0445, 38.2978], [-102.0445, 38.2976], [-102.0445, 38.2969], [-102.0445, 38.2953], [-102.0445, 38.293], [-102.0445, 38.2918], [-102.0445, 38.2917], [-102.0446, 38.2914], [-102.0446, 38.2908], [-102.0446, 38.2906], [-102.0446, 38.2905], [-102.0446, 38.29], [-102.0446, 38.2899], [-102.0446, 38.2897], [-102.0446, 38.2892], [-102.0446, 38.2886], [-102.0446, 38.2878], [-102.0446, 38.2875], [-102.0446, 38.2859], [-102.0446, 38.2835], [-102.0446, 38.2832], [-102.0446, 38.2832], [-102.0446, 38.2832], [-102.0446, 38.2832], [-102.0445, 38.2831], [-102.0445, 38.2771], [-102.0445, 38.277], [-102.0445, 38.2757], [-102.0445, 38.2737], [-102.0445, 38.2687], [-102.0445, 38.2675], [-102.0445, 38.265], [-102.0445, 38.263], [-102.0445, 38.2625], [-102.0445, 38.2624], [-102.0445, 38.2624], [-102.0448, 38.2622], [-102.0448, 38.262], [-102.0448, 38.2613], [-102.0448, 38.2503], [-102.0448, 38.2501], [-102.0448, 38.25], [-102.0448, 38.249], [-102.0444, 38.2447], [-102.0445, 38.239], [-102.0445, 38.2343], [-102.0445, 38.2341], [-102.0445, 38.2337], [-102.0445, 38.2329], [-102.0445, 38.2329], [-102.0445, 38.2328], [-102.0445, 38.2316], [-102.0445, 38.2313], [-102.0445, 38.2313], [-102.0445, 38.2272], [-102.0445, 38.2246], [-102.0444, 38.2216], [-102.0444, 38.2185], [-102.0444, 38.2185], [-102.0444, 38.2177], [-102.0444, 38.2177], [-102.0444, 38.2176], [-102.0444, 38.2172], [-102.0444, 38.2108], [-102.0444, 38.2044], [-102.0444, 38.2028], [-102.0444, 38.2026], [-102.0444, 38.2024], [-102.0444, 38.2019], [-102.0444, 38.2016], [-102.0443, 38.1961], [-102.0443, 38.1936], [-102.0443, 38.1931], [-102.0443, 38.1874], [-102.0443, 38.1815], [-102.0443, 38.1756], [-102.0443, 38.1743], [-102.0443, 38.1728], [-102.0444, 38.1697], [-102.0444, 38.1667], [-102.0444, 38.1612], [-102.0444, 38.1602], [-102.0444, 38.1599], [-102.0444, 38.1589], [-102.0444, 38.1589], [-102.0444, 38.1588], [-102.0444, 38.1569], [-102.0444, 38.1569], [-102.0444, 38.1567], [-102.0444, 38.1553], [-102.0444, 38.1501], [-102.0444, 38.1462], [-102.0444, 38.1445], [-102.0444, 38.1444], [-102.0443, 38.1418], [-102.0443, 38.138], [-102.0443, 38.1344], [-102.0443, 38.1294], [-102.0443, 38.1286], [-102.0443, 38.1129], [-102.0443, 38.1094], [-102.0444, 38.0751], [-102.0445, 38.0686], [-102.0445, 38.0654], [-102.0445, 38.0628], [-102.0445, 38.0628], [-102.0445, 38.0628], [-102.0445, 38.0627], [-102.0445, 38.0625], [-102.0445, 38.0613], [-102.0445, 38.0609], [-102.0445, 38.0589], [-102.0445, 38.0588], [-102.0445, 38.0587], [-102.0446, 38.0584], [-102.0446, 38.0579], [-102.0446, 38.0575], [-102.0446, 38.0574], [-102.0446, 38.0574], [-102.0446, 38.0573], [-102.0446, 38.0573], [-102.0446, 38.0572], [-102.0446, 38.0565], [-102.0446, 38.0561], [-102.0446, 38.0559], [-102.0446, 38.0559], [-102.0446, 38.0558], [-102.0446, 38.0557], [-102.0446, 38.0556], [-102.0446, 38.0556], [-102.0446, 38.0555], [-102.0446, 38.0551], [-102.0446, 38.048], [-102.0446, 38.048], [-102.0446, 38.0478], [-102.0446, 38.0456], [-102.0446, 38.0455], [-102.0446, 38.0454], [-102.0447, 38.0447], [-102.0447, 38.0445], [-102.0447, 38.0413], [-102.0447, 38.039], [-102.0447, 38.036], [-102.0446, 38.0308], [-102.0446, 38.0302], [-102.0446, 38.0302], [-102.0446, 38.0301], [-102.0446, 38.0301], [-102.0446, 38.03], [-102.0446, 38.03], [-102.0446, 38.03], [-102.0446, 38.0297], [-102.0446, 38.0297], [-102.0446, 38.0269], [-102.0446, 38.0264], [-102.0446, 38.0247], [-102.0446, 38.0246], [-102.0446, 38.0175], [-102.0446, 38.0049], [-102.0445, 38.0], [-102.0445, 37.9846], [-102.0441, 37.951], [-102.044, 37.943], [-102.0438, 37.9282], [-102.0439, 37.9282], [-102.0439, 37.928], [-102.0439, 37.9267], [-102.0439, 37.9267], [-102.0438, 37.9261], [-102.0437, 37.914], [-102.0435, 37.8971], [-102.0434, 37.891], [-102.0433, 37.8874], [-102.0433, 37.8871], [-102.0433, 37.8869], [-102.0433, 37.8868], [-102.0433, 37.8868], [-102.0433, 37.8865], [-102.0433, 37.8857], [-102.0434, 37.8848], [-102.0433, 37.8846], [-102.0433, 37.8845], [-102.0432, 37.875], [-102.0432, 37.8679], [-102.0432, 37.8679], [-102.0432, 37.8679], [-102.0432, 37.8679], [-102.0432, 37.8534], [-102.0432, 37.8533], [-102.0432, 37.8447], [-102.0432, 37.844], [-102.0431, 37.8433], [-102.0431, 37.8393], [-102.0431, 37.8375], [-102.0431, 37.8374], [-102.043, 37.8328], [-102.043, 37.8292], [-102.0429, 37.8268], [-102.0429, 37.8267], [-102.0429, 37.8243], [-102.0429, 37.8242], [-102.0429, 37.8185], [-102.0429, 37.8153], [-102.0429, 37.8125], [-102.0429, 37.8111], [-102.0429, 37.8109], [-102.0429, 37.8094], [-102.0429, 37.8071], [-102.0429, 37.807], [-102.0429, 37.8063], [-102.0429, 37.8036], [-102.0429, 37.8035], [-102.0429, 37.8011], [-102.0428, 37.7971], [-102.0427, 37.7905], [-102.0427, 37.7904], [-102.0427, 37.7888], [-102.0427, 37.7888], [-102.0425, 37.7819], [-102.0425, 37.7819], [-102.0425, 37.7794], [-102.0424, 37.7745], [-102.0424, 37.7704], [-102.0423, 37.7673], [-102.0423, 37.7652], [-102.0423, 37.7651], [-102.0423, 37.7651], [-102.0423, 37.7644], [-102.0423, 37.764], [-102.0423, 37.764], [-102.0423, 37.7639], [-102.0423, 37.7639], [-102.0423, 37.7621], [-102.0422, 37.7616], [-102.0422, 37.7604], [-102.0423, 37.7604], [-102.0423, 37.7603], [-102.0423, 37.7603], [-102.0423, 37.7603], [-102.0422, 37.75], [-102.0423, 37.7482], [-102.0422, 37.7385], [-102.042, 37.7311], [-102.0419, 37.724], [-102.0419, 37.724], [-102.0416, 37.6967], [-102.0416, 37.6892], [-102.0416, 37.6884], [-102.0417, 37.6875], [-102.0417, 37.6875], [-102.0417, 37.6875], [-102.0417, 37.6873], [-102.0417, 37.6833], [-102.0417, 37.6829], [-102.0417, 37.6806], [-102.0417, 37.6804], [-102.0417, 37.666], [-102.0417, 37.6659], [-102.0417, 37.6657], [-102.0416, 37.6601], [-102.0417, 37.6587], [-102.0416, 37.6545], [-102.0416, 37.6504], [-102.0416, 37.6443], [-102.0416, 37.6381], [-102.0416, 37.6369], [-102.0416, 37.625], [-102.0416, 37.6079], [-102.0417, 37.6078], [-102.0418, 37.6012], [-102.0419, 37.579], [-102.0419, 37.579], [-102.0419, 37.579], [-102.0417, 37.5786], [-102.0419, 37.558], [-102.0419, 37.5425], [-102.0419, 37.5412], [-102.042, 37.5353], [-102.042, 37.5351], [-102.042, 37.5288], [-102.0418, 37.5124], [-102.0418, 37.5061], [-102.0417, 37.506], [-102.0418, 37.506], [-102.0418, 37.5059], [-102.0418, 37.5055], [-102.0418, 37.5055], [-102.0418, 37.5], [-102.0418, 37.4999], [-102.0418, 37.4998], [-102.0418, 37.4996], [-102.0418, 37.4968], [-102.0418, 37.4954], [-102.0418, 37.4954], [-102.0418, 37.4945], [-102.0418, 37.4935], [-102.0418, 37.4923], [-102.0418, 37.4911], [-102.0418, 37.491], [-102.0418, 37.4905], [-102.0418, 37.4899], [-102.0418, 37.489], [-102.0418, 37.488], [-102.0418, 37.4866], [-102.0418, 37.4851], [-102.0418, 37.4849], [-102.0418, 37.4847], [-102.0418, 37.4841], [-102.0418, 37.4822], [-102.0418, 37.4818], [-102.0418, 37.48], [-102.0418, 37.4783], [-102.0418, 37.477], [-102.0418, 37.4769], [-102.0418, 37.4769], [-102.0418, 37.4763], [-102.0418, 37.4728], [-102.0418, 37.4713], [-102.0418, 37.4709], [-102.0418, 37.4703], [-102.0418, 37.4701], [-102.0418, 37.47], [-102.0418, 37.4699], [-102.0418, 37.4698], [-102.0418, 37.4696], [-102.0418, 37.4694], [-102.0418, 37.4694], [-102.0418, 37.4692], [-102.0418, 37.4689], [-102.0418, 37.4684], [-102.0418, 37.468], [-102.0418, 37.4673], [-102.0418, 37.4659], [-102.0418, 37.4646], [-102.0418, 37.4632], [-102.0418, 37.4624], [-102.0418, 37.4624], [-102.0418, 37.4595], [-102.0418, 37.4579], [-102.0418, 37.4569], [-102.0418, 37.4565], [-102.0418, 37.4564], [-102.0418, 37.4563], [-102.0416, 37.4507], [-102.0416, 37.4503], [-102.0416, 37.4493], [-102.0416, 37.4479], [-102.0416, 37.4476], [-102.0418, 37.4349], [-102.0417, 37.4347], [-102.0417, 37.4275], [-102.0418, 37.4105], [-102.0418, 37.4101], [-102.0417, 37.4099], [-102.0418, 37.4071], [-102.0416, 37.3892], [-102.0416, 37.384], [-102.0416, 37.3834], [-102.0416, 37.3829], [-102.0416, 37.3827], [-102.0416, 37.3826], [-102.0415, 37.375], [-102.0421, 37.3528], [-102.042, 37.3528], [-102.042, 37.3528], [-102.0419, 37.3527], [-102.0419, 37.3527], [-102.0419, 37.3515], [-102.0419, 37.3471], [-102.0419, 37.3458], [-102.0419, 37.3455], [-102.0419, 37.3451], [-102.0419, 37.3445], [-102.0419, 37.343], [-102.0419, 37.3416], [-102.0419, 37.3385], [-102.0419, 37.3384], [-102.0419, 37.3377], [-102.0419, 37.3349], [-102.0419, 37.3339], [-102.0419, 37.3239], [-102.0419, 37.3239], [-102.0419, 37.3223], [-102.0419, 37.321], [-102.0419, 37.3187], [-102.0419, 37.3187], [-102.0419, 37.3093], [-102.0419, 37.3057], [-102.0419, 37.3057], [-102.0418, 37.2976], [-102.0418, 37.297], [-102.0418, 37.2965], [-102.0419, 37.2963], [-102.0419, 37.2961], [-102.0419, 37.2956], [-102.0418, 37.2948], [-102.0418, 37.2948], [-102.0419, 37.286], [-102.042, 37.2797], [-102.042, 37.2793], [-102.042, 37.2741], [-102.042, 37.2733], [-102.042, 37.2726], [-102.0419, 37.2724], [-102.0419, 37.2723], [-102.0419, 37.2722], [-102.0419, 37.2681], [-102.0419, 37.2666], [-102.0419, 37.2657], [-102.042, 37.2656], [-102.042, 37.2582], [-102.042, 37.2554], [-102.042, 37.2553], [-102.0421, 37.2523], [-102.0421, 37.2517], [-102.0421, 37.25], [-102.0422, 37.2283], [-102.0422, 37.2257], [-102.0422, 37.2257], [-102.0422, 37.2256], [-102.042, 37.222], [-102.042, 37.2219], [-102.042, 37.2142], [-102.042, 37.2138], [-102.042, 37.2133], [-102.042, 37.2108], [-102.042, 37.2078], [-102.042, 37.2074], [-102.042, 37.1996], [-102.042, 37.1854], [-102.042, 37.1854], [-102.042, 37.1632], [-102.042, 37.1559], [-102.0419, 37.1492], [-102.0419, 37.1417], [-102.0419, 37.1415], [-102.0419, 37.1415], [-102.0419, 37.1396], [-102.0418, 37.1374], [-102.0418, 37.1356], [-102.0419, 37.1343], [-102.0419, 37.1343], [-102.0419, 37.1338], [-102.042, 37.1322], [-102.042, 37.1279], [-102.042, 37.1267], [-102.042, 37.1267], [-102.042, 37.1261], [-102.042, 37.1258], [-102.042, 37.1258], [-102.042, 37.1251], [-102.042, 37.1251], [-102.042, 37.125], [-102.042, 37.125], [-102.0419, 37.1243], [-102.0419, 37.1243], [-102.0419, 37.1236], [-102.0419, 37.1236], [-102.0419, 37.1136], [-102.042, 37.112], [-102.042, 37.112], [-102.0419, 37.1088], [-102.0419, 37.1081], [-102.0419, 37.1073], [-102.0419, 37.107], [-102.042, 37.1069], [-102.042, 37.1068], [-102.042, 37.1067], [-102.042, 37.1066], [-102.042, 37.1065], [-102.042, 37.1051], [-102.042, 37.0909], [-102.042, 37.0908], [-102.0421, 37.0753], [-102.0421, 37.0752], [-102.0421, 37.0682], [-102.0421, 37.0651], [-102.0421, 37.0473], [-102.0419, 37.0351], [-102.042, 37.0349], [-102.0419, 37.0347], [-102.0417, 37.0344], [-102.0419, 37.0322], [-102.0421, 37.0316], [-102.0421, 37.0311], [-102.0419, 37.0308], [-102.0421, 37.0283], [-102.042, 37.0255], [-102.042, 37.0248], [-102.042, 37.0248], [-102.042, 37.0247], [-102.0421, 37.0246], [-102.0421, 37.0244], [-102.0421, 37.0239], [-102.0421, 37.0234], [-102.0421, 37.0232], [-102.042, 37.0207], [-102.0421, 37.02], [-102.042, 37.0186], [-102.0421, 37.0183], [-102.042, 37.018], [-102.0421, 37.0105], [-102.042, 37.0083], [-102.0421, 37.0068], [-102.042, 37.0055], [-102.042, 37.0029], [-102.0421, 37.0008], [-102.042, 36.9992], [-102.042, 36.9972], [-102.0421, 36.9951], [-102.0421, 36.9935], [-102.0421, 36.993], [-102.0454, 36.9931], [-102.0455, 36.9931], [-102.0518, 36.9931], [-102.0521, 36.9931], [-102.0537, 36.993], [-102.0541, 36.993], [-102.0542, 36.9931], [-102.0543, 36.9931], [-102.0543, 36.9931], [-102.0544, 36.9931], [-102.0544, 36.9931], [-102.073, 36.9931], [-102.0742, 36.9931], [-102.0748, 36.9931], [-102.0766, 36.9931], [-102.0772, 36.9931], [-102.0779, 36.9931], [-102.0847, 36.9932], [-102.0906, 36.9932], [-102.108, 36.9933], [-102.1255, 36.9933], [-102.1365, 36.9934], [-102.1483, 36.9935], [-102.1544, 36.9935], [-102.1751, 36.9936], [-102.1751, 36.9936], [-102.1843, 36.9936], [-102.1845, 36.9936], [-102.1888, 36.9936], [-102.1966, 36.9937], [-102.1975, 36.9937], [-102.1976, 36.9937], [-102.2083, 36.9937], [-102.2084, 36.9937], [-102.2212, 36.9939], [-102.2351, 36.994], [-102.2485, 36.9942], [-102.2505, 36.9941], [-102.2511, 36.9941], [-102.2522, 36.9942], [-102.2556, 36.9943], [-102.2608, 36.9944], [-102.2649, 36.9944], [-102.2701, 36.9943], [-102.2702, 36.9943], [-102.2703, 36.9943], [-102.2837, 36.9942], [-102.285, 36.9942], [-102.2993, 36.9942], [-102.3065, 36.9943], [-102.3076, 36.9943], [-102.3076, 36.9943], [-102.3252, 36.9943], [-102.3437, 36.9944], [-102.3438, 36.9944], [-102.3518, 36.9945], [-102.3533, 36.9945], [-102.3534, 36.9945], [-102.3553, 36.9945], [-102.3553, 36.9945], [-102.3554, 36.9946], [-102.3673, 36.9946], [-102.3755, 36.9946], [-102.3886, 36.9948], [-102.39, 36.9948], [-102.4023, 36.9948], [-102.4038, 36.9948], [-102.4343, 36.9948], [-102.4463, 36.9947], [-102.4702, 36.9948], [-102.4944, 36.9949], [-102.4963, 36.995], [-102.497, 36.995], [-102.4972, 36.995], [-102.5005, 36.995], [-102.5247, 36.9949], [-102.5304, 36.9949], [-102.539, 36.9949], [-102.5409, 36.9949], [-102.5418, 36.9949], [-102.5709, 36.9951], [-102.5785, 36.9951], [-102.5787, 36.9951], [-102.5929, 36.9951], [-102.6021, 36.9951], [-102.6255, 36.995], [-102.6357, 36.9951], [-102.6514, 36.995], [-102.6559, 36.9951], [-102.6621, 36.9953], [-102.6834, 36.9952], [-102.6981, 36.9951], [-102.7029, 36.9954], [-102.7036, 36.9954], [-102.7058, 36.9956], [-102.7059, 36.9956], [-102.7217, 36.9965], [-102.7421, 36.9977], [-102.7426, 36.9978], [-102.7521, 36.9983], [-102.7732, 36.9989], [-102.7823, 36.9991], [-102.7847, 36.9991], [-102.7915, 36.9993], [-102.7936, 36.9994], [-102.8151, 36.9998], [-102.8195, 36.9998], [-102.8295, 36.9997], [-102.8419, 36.9996], [-102.842, 36.9996], [-102.8654, 36.9996], [-102.8671, 36.9996], [-102.8755, 36.9996], [-102.8867, 36.9995], [-102.8927, 36.9994], [-102.8932, 36.9994], [-102.9032, 36.9993], [-102.9043, 36.9993], [-102.9066, 36.9993], [-102.9225, 36.9991], [-102.9279, 36.9991], [-102.9363, 36.999], [-102.9645, 36.9987], [-102.9646, 36.9987], [-102.9756, 36.9986], [-102.9796, 36.9985], [-102.9798, 36.9986], [-102.9841, 36.9986], [-102.9858, 36.9986], [-102.9859, 36.9986], [-102.987, 36.9985], [-102.9872, 36.9986], [-102.9978, 36.9997], [-103.0005, 37.0], [-103.0021, 37.0001], [-103.0023, 37.0001], [-103.0029, 37.0001], [-103.0062, 37.0001], [-103.0374, 37.0001], [-103.0389, 37.0001], [-103.039, 37.0001], [-103.0391, 37.0001], [-103.0451, 37.0001], [-103.0638, 37.0001], [-103.0703, 37.0002], [-103.0859, 37.0002], [-103.0861, 37.0002], [-103.0902, 37.0002], [-103.1002, 37.0002], [-103.1023, 37.0002], [-103.1025, 37.0002], [-103.1168, 37.0002], [-103.1207, 37.0002], [-103.1276, 37.0001], [-103.1441, 37.0001], [-103.1496, 37.0], [-103.156, 37.0], [-103.1591, 37.0], [-103.1775, 36.9999], [-103.1809, 36.9999], [-103.1824, 36.9999], [-103.1837, 36.9999], [-103.1882, 36.9999], [-103.1932, 36.9999], [-103.2005, 36.9998], [-103.2006, 36.9998], [-103.2169, 36.9997], [-103.2202, 36.9997], [-103.2228, 36.9997], [-103.2264, 36.9997], [-103.2396, 36.9996], [-103.2516, 36.9996], [-103.2575, 36.9996], [-103.2577, 36.9996], [-103.2583, 36.9996], [-103.2585, 36.9996], [-103.2694, 36.9996], [-103.2731, 36.9996], [-103.2734, 36.9996], [-103.2745, 36.9996], [-103.2983, 36.9996], [-103.2995, 36.9996], [-103.3001, 36.9996], [-103.3001, 36.9996], [-103.301, 36.9996], [-103.3034, 36.9996], [-103.3043, 36.9996], [-103.3057, 36.9995], [-103.3246, 36.9995], [-103.3263, 36.9995], [-103.3299, 36.9995], [-103.3301, 36.9995], [-103.343, 36.9994], [-103.3489, 36.9994], [-103.3508, 36.9994], [-103.3693, 36.9994], [-103.3777, 36.9994], [-103.3797, 36.9994], [-103.3807, 36.9994], [-103.3927, 36.9994], [-103.393, 36.9994], [-103.4023, 36.9994], [-103.4081, 36.9993], [-103.4257, 36.9993], [-103.4324, 36.9992], [-103.4365, 36.9992], [-103.4417, 36.9992], [-103.4455, 36.9992], [-103.4542, 36.9992], [-103.4668, 36.9992], [-103.4706, 36.9992], [-103.4718, 36.9992], [-103.4723, 36.9992], [-103.4782, 36.9992], [-103.4783, 36.9992], [-103.4784, 36.9992], [-103.4852, 36.9991], [-103.4879, 36.9991], [-103.488, 36.9991], [-103.4881, 36.9991], [-103.4898, 36.9991], [-103.5001, 36.9991], [-103.5002, 36.9991], [-103.5013, 36.9991], [-103.5109, 36.999], [-103.5174, 36.999], [-103.524, 36.999], [-103.5379, 36.9989], [-103.5389, 36.9989], [-103.5405, 36.9989], [-103.5494, 36.9989], [-103.5602, 36.9988], [-103.5602, 36.9988], [-103.5603, 36.9988], [-103.5732, 36.9988], [-103.5764, 36.9988], [-103.5807, 36.9988], [-103.5994, 36.9987], [-103.6121, 36.9987], [-103.6165, 36.9987], [-103.6249, 36.9986], [-103.6255, 36.9986], [-103.6287, 36.9986], [-103.6391, 36.9985], [-103.6437, 36.9985], [-103.6446, 36.9985], [-103.666, 36.9984], [-103.6762, 36.9983], [-103.6763, 36.9983], [-103.683, 36.9983], [-103.6893, 36.9982], [-103.7028, 36.9981], [-103.7218, 36.998], [-103.7302, 36.998], [-103.7332, 36.998], [-103.7346, 36.998], [-103.7359, 36.998], [-103.7374, 36.998], [-103.7377, 36.998], [-103.7378, 36.998], [-103.7385, 36.998], [-103.7386, 36.998], [-103.7405, 36.998], [-103.743, 36.9979], [-103.7552, 36.9978], [-103.7561, 36.9978], [-103.7676, 36.9977], [-103.7679, 36.9977], [-103.768, 36.9977], [-103.7697, 36.9977], [-103.7746, 36.9976], [-103.7798, 36.9976], [-103.7802, 36.9976], [-103.7826, 36.9975], [-103.7826, 36.9975], [-103.7827, 36.9975], [-103.7877, 36.9975], [-103.7966, 36.9974], [-103.809, 36.9974], [-103.8178, 36.9973], [-103.8184, 36.9973], [-103.8184, 36.9973], [-103.8244, 36.9973], [-103.8269, 36.9972], [-103.8269, 36.9972], [-103.8332, 36.9972], [-103.8405, 36.9972], [-103.8406, 36.9972], [-103.8407, 36.9972], [-103.8527, 36.9972], [-103.8528, 36.9972], [-103.8652, 36.9972], [-103.8682, 36.9971], [-103.8683, 36.9971], [-103.8688, 36.9971], [-103.869, 36.9971], [-103.8696, 36.9971], [-103.8714, 36.9971], [-103.872, 36.9971], [-103.8771, 36.9971], [-103.8772, 36.9971], [-103.8831, 36.997], [-103.9005, 36.9969], [-103.9185, 36.9967], [-103.9232, 36.9967], [-103.9263, 36.9967], [-103.9264, 36.9967], [-103.9264, 36.9967], [-103.9367, 36.9966], [-103.9398, 36.9966], [-103.957, 36.9965], [-103.9575, 36.9965], [-103.9619, 36.9965], [-103.9674, 36.9964], [-103.9715, 36.9964], [-103.9729, 36.9964], [-103.9934, 36.9962], [-103.9935, 36.9962], [-103.9975, 36.9962], [-103.9975, 36.9962], [-103.9993, 36.9962], [-104.0047, 36.9961], [-104.0079, 36.9961], [-104.0403, 36.996], [-104.0404, 36.996], [-104.0408, 36.996], [-104.0423, 36.996], [-104.0428, 36.996], [-104.0442, 36.996], [-104.0485, 36.996], [-104.0499, 36.9959], [-104.0502, 36.9959], [-104.051, 36.9959], [-104.0513, 36.9959], [-104.0523, 36.9959], [-104.0555, 36.9959], [-104.0565, 36.9959], [-104.0644, 36.9958], [-104.0658, 36.9958], [-104.0878, 36.9957], [-104.0957, 36.9956], [-104.0958, 36.9956], [-104.096, 36.9956], [-104.0963, 36.9956], [-104.0965, 36.9956], [-104.0966, 36.9956], [-104.0972, 36.9956], [-104.0974, 36.9956], [-104.0974, 36.9956], [-104.1019, 36.9956], [-104.115, 36.9955], [-104.1155, 36.9955], [-104.12, 36.9954], [-104.121, 36.9954], [-104.1241, 36.9954], [-104.1252, 36.9954], [-104.1255, 36.9954], [-104.1278, 36.9953], [-104.1288, 36.9953], [-104.1358, 36.9953], [-104.1384, 36.9953], [-104.1385, 36.9953], [-104.1392, 36.9953], [-104.1414, 36.9953], [-104.1421, 36.9953], [-104.1429, 36.9953], [-104.1429, 36.9953], [-104.1453, 36.9953], [-104.1461, 36.9953], [-104.1468, 36.9953], [-104.149, 36.9952], [-104.1497, 36.9952], [-104.1503, 36.9952], [-104.1505, 36.9952], [-104.1507, 36.9952], [-104.1523, 36.9952], [-104.1602, 36.9952], [-104.1629, 36.9952], [-104.1646, 36.9952], [-104.17, 36.9951], [-104.1718, 36.9951], [-104.172, 36.9951], [-104.1725, 36.9951], [-104.1726, 36.9951], [-104.1733, 36.9951], [-104.1751, 36.9951], [-104.1757, 36.9951], [-104.1804, 36.995], [-104.1805, 36.995], [-104.1812, 36.995], [-104.1888, 36.995], [-104.1946, 36.9949], [-104.1993, 36.9949], [-104.2001, 36.9949], [-104.2026, 36.9949], [-104.2108, 36.9948], [-104.2124, 36.9948], [-104.2156, 36.9948], [-104.2183, 36.9948], [-104.2189, 36.9948], [-104.2192, 36.9948], [-104.2257, 36.9948], [-104.2323, 36.9948], [-104.2351, 36.9947], [-104.2381, 36.9947], [-104.2406, 36.9947], [-104.2458, 36.9947], [-104.2505, 36.9946], [-104.2657, 36.9945], [-104.274, 36.9944], [-104.2785, 36.9943], [-104.292, 36.9942], [-104.2965, 36.9941], [-104.2971, 36.9941], [-104.2991, 36.9941], [-104.2997, 36.9941], [-104.3042, 36.994], [-104.3049, 36.994], [-104.3123, 36.9939], [-104.3172, 36.9939], [-104.3175, 36.9939], [-104.3184, 36.9939], [-104.3186, 36.9939], [-104.3187, 36.9939], [-104.322, 36.9939], [-104.3308, 36.9937], [-104.3353, 36.9936], [-104.3388, 36.9935], [-104.3432, 36.9935], [-104.3575, 36.9935], [-104.3664, 36.9935], [-104.3665, 36.9935], [-104.367, 36.9935], [-104.3672, 36.9935], [-104.3673, 36.9934], [-104.3678, 36.9934], [-104.3689, 36.9934], [-104.3689, 36.9934], [-104.3747, 36.9935], [-104.3755, 36.9935], [-104.3863, 36.9935], [-104.4004, 36.9935], [-104.4083, 36.9935], [-104.4096, 36.9935], [-104.4135, 36.9936], [-104.4298, 36.9938], [-104.434, 36.9937], [-104.4352, 36.9937], [-104.4366, 36.9937], [-104.4429, 36.9937], [-104.4504, 36.9937], [-104.4505, 36.9937], [-104.4517, 36.9937], [-104.462, 36.9938], [-104.4621, 36.9938], [-104.4685, 36.9938], [-104.4702, 36.9938], [-104.4737, 36.9939], [-104.4753, 36.9939], [-104.477, 36.9939], [-104.4772, 36.9939], [-104.4778, 36.9939], [-104.478, 36.9939], [-104.4784, 36.9939], [-104.4797, 36.9939], [-104.4801, 36.9939], [-104.4802, 36.9939], [-104.4804, 36.9939], [-104.4804, 36.9939], [-104.4806, 36.9939], [-104.4816, 36.9939], [-104.485, 36.9939], [-104.4861, 36.9939], [-104.4863, 36.9939], [-104.4868, 36.9939], [-104.487, 36.9939], [-104.487, 36.9939], [-104.488, 36.9938], [-104.4912, 36.9937], [-104.4923, 36.9937], [-104.4924, 36.9937], [-104.493, 36.9937], [-104.4931, 36.9937], [-104.4932, 36.9938], [-104.4934, 36.9939], [-104.4943, 36.9939], [-104.497, 36.9939], [-104.4978, 36.9939], [-104.4979, 36.9939], [-104.499, 36.9939], [-104.5005, 36.9938], [-104.5025, 36.9938], [-104.5037, 36.9938], [-104.5068, 36.9938], [-104.5113, 36.9938], [-104.5161, 36.9938], [-104.5192, 36.9938], [-104.5224, 36.9938], [-104.527, 36.9939], [-104.532, 36.9939], [-104.5352, 36.994], [-104.5355, 36.994], [-104.5367, 36.994], [-104.537, 36.994], [-104.5446, 36.9939], [-104.5633, 36.9938], [-104.5672, 36.9939], [-104.5699, 36.9939], [-104.5748, 36.9941], [-104.5777, 36.9941], [-104.5819, 36.9941], [-104.5866, 36.9941], [-104.5893, 36.9941], [-104.5895, 36.9941], [-104.5899, 36.9941], [-104.5912, 36.9941], [-104.5916, 36.9941], [-104.5931, 36.9941], [-104.5976, 36.9941], [-104.5984, 36.9941], [-104.599, 36.9941], [-104.6001, 36.9941], [-104.6026, 36.9941], [-104.6031, 36.9941], [-104.6042, 36.9941], [-104.6063, 36.9941], [-104.6127, 36.9941], [-104.6148, 36.9941], [-104.6168, 36.9942], [-104.6227, 36.9943], [-104.6246, 36.9944], [-104.6247, 36.9943], [-104.6254, 36.9937], [-104.6255, 36.9936], [-104.6258, 36.9936], [-104.63, 36.9936], [-104.6314, 36.9936], [-104.6314, 36.9936], [-104.6342, 36.9935], [-104.6347, 36.9935], [-104.6423, 36.9934], [-104.645, 36.9934], [-104.6522, 36.9934], [-104.6539, 36.9934], [-104.6604, 36.9934], [-104.6738, 36.9934], [-104.675, 36.9934], [-104.681, 36.9935], [-104.685, 36.9935], [-104.6903, 36.9935], [-104.6972, 36.9935], [-104.7012, 36.9935], [-104.7013, 36.9935], [-104.7014, 36.9935], [-104.7014, 36.9935], [-104.7058, 36.9935], [-104.7075, 36.9935], [-104.7322, 36.9934], [-104.7322, 36.9935], [-104.7323, 36.9935], [-104.7323, 36.9935], [-104.7323, 36.9935], [-104.7326, 36.9935], [-104.7334, 36.9935], [-104.7337, 36.9935], [-104.7382, 36.9935], [-104.7499, 36.9935], [-104.7505, 36.9935], [-104.7515, 36.9935], [-104.7554, 36.9935], [-104.7559, 36.9935], [-104.7577, 36.9935], [-104.7631, 36.9935], [-104.7649, 36.9935], [-104.769, 36.9935], [-104.7812, 36.9935], [-104.7852, 36.9935], [-104.7885, 36.9935], [-104.7982, 36.9934], [-104.8014, 36.9934], [-104.8071, 36.9934], [-104.8092, 36.9934], [-104.8122, 36.9934], [-104.8274, 36.9934], [-104.8326, 36.9934], [-104.8356, 36.9934], [-104.8404, 36.9934], [-104.8436, 36.9934], [-104.8533, 36.9933], [-104.8566, 36.9933], [-104.8585, 36.9933], [-104.8603, 36.9933], [-104.8714, 36.9933], [-104.8751, 36.9933], [-104.8751, 36.9933], [-104.8753, 36.9933], [-104.8756, 36.9933], [-104.8792, 36.9933], [-104.8835, 36.9933], [-104.8914, 36.9933], [-104.8955, 36.9933], [-104.8962, 36.9933], [-104.8986, 36.9933], [-104.8993, 36.9933], [-104.8996, 36.9933], [-104.9005, 36.9933], [-104.9008, 36.9933], [-104.9026, 36.9933], [-104.9269, 36.9933], [-104.9301, 36.9933], [-104.9416, 36.9933], [-105.0006, 36.9933], [-105.0054, 36.9932], [-105.0079, 36.9931], [-105.0144, 36.993], [-105.0226, 36.9928], [-105.0251, 36.9928], [-105.0292, 36.9927], [-105.0307, 36.9928], [-105.0315, 36.9928], [-105.0342, 36.9929], [-105.036, 36.993], [-105.0494, 36.9935], [-105.0495, 36.9935], [-105.0521, 36.9936], [-105.0538, 36.9937], [-105.054, 36.9937], [-105.0564, 36.9937], [-105.0636, 36.9938], [-105.066, 36.9939], [-105.0661, 36.9939], [-105.0663, 36.9939], [-105.0664, 36.9939], [-105.0665, 36.9939], [-105.0701, 36.994], [-105.0754, 36.9941], [-105.0812, 36.9943], [-105.0848, 36.9944], [-105.0853, 36.9945], [-105.0854, 36.9945], [-105.0854, 36.9945], [-105.0898, 36.9946], [-105.091, 36.9946], [-105.0918, 36.9946], [-105.0968, 36.9948], [-105.1033, 36.995], [-105.1127, 36.9952], [-105.1196, 36.9954], [-105.1198, 36.9954], [-105.1204, 36.9954], [-105.1205, 36.9954], [-105.1206, 36.9954], [-105.1207, 36.9954], [-105.1208, 36.9954], [-105.1213, 36.9954], [-105.1221, 36.9954], [-105.1238, 36.9953], [-105.1256, 36.9952], [-105.1256, 36.9952], [-105.1282, 36.9952], [-105.1287, 36.9952], [-105.1304, 36.9952], [-105.1331, 36.9952], [-105.1333, 36.9952], [-105.1348, 36.9952], [-105.1364, 36.9952], [-105.1367, 36.9952], [-105.1402, 36.9952], [-105.1513, 36.9952], [-105.155, 36.9953]]]}}]}